caseid,task,start_timestamp,end_timestamp,resource
0,Start,2016-05-18 21:56:02.0,2016-05-18 21:56:02.0,SYSTEM
0,Traer informacion estudiante - banner,2016-05-18 21:56:02.0,2016-05-18 21:56:02.0,Role 1
0,Radicar Solicitud Homologacion,2016-05-18 21:56:02.0,2016-05-18 21:57:42.04,Role 1
0,Cancelar Solicitud,2016-05-18 21:57:42.04,2016-05-18 21:57:42.04,SYSTEM
0,End,2016-05-18 21:57:42.04,2016-05-18 21:57:42.04,SYSTEM
0,Notificacion estudiante cancelacion soli,2016-05-18 21:57:42.04,2016-05-18 21:57:42.04,SYSTEM
1,Start,2016-05-18 22:45:47.02,2016-05-18 22:45:47.02,SYSTEM
1,Traer informacion estudiante - banner,2016-05-18 22:45:47.02,2016-05-18 22:45:47.02,Role 1
1,Radicar Solicitud Homologacion,2016-05-18 22:45:47.02,2016-05-18 22:47:26.352,Role 1
1,Cancelar Solicitud,2016-05-18 22:47:26.352,2016-05-18 22:47:26.352,SYSTEM
1,End,2016-05-18 22:47:26.352,2016-05-18 22:47:26.352,SYSTEM
1,Notificacion estudiante cancelacion soli,2016-05-18 22:47:26.352,2016-05-18 22:47:26.352,SYSTEM
2,Start,2016-05-18 23:44:07.169,2016-05-18 23:44:07.169,SYSTEM
2,Traer informacion estudiante - banner,2016-05-18 23:44:07.169,2016-05-18 23:44:07.169,Role 1
2,Radicar Solicitud Homologacion,2016-05-18 23:44:07.169,2016-05-18 23:45:50.407,Role 1
2,Cancelar Solicitud,2016-05-18 23:45:50.407,2016-05-18 23:45:50.407,SYSTEM
2,End,2016-05-18 23:45:50.407,2016-05-18 23:45:50.407,SYSTEM
2,Notificacion estudiante cancelacion soli,2016-05-18 23:45:50.407,2016-05-18 23:45:50.407,SYSTEM
3,Start,2016-05-19 14:00:23.707,2016-05-19 14:00:23.707,SYSTEM
3,Traer informacion estudiante - banner,2016-05-19 14:00:23.707,2016-05-19 14:00:23.707,Role 1
3,Radicar Solicitud Homologacion,2016-05-19 14:00:23.707,2016-05-19 16:01:25.224,Role 1
3,Cancelar Solicitud,2016-05-19 16:01:25.224,2016-05-19 16:01:25.224,SYSTEM
3,End,2016-05-19 16:01:25.224,2016-05-19 16:01:25.224,SYSTEM
3,Notificacion estudiante cancelacion soli,2016-05-19 16:01:25.224,2016-05-19 16:01:25.224,SYSTEM
4,Start,2016-05-20 02:01:51.173,2016-05-20 02:01:51.173,SYSTEM
4,Traer informacion estudiante - banner,2016-05-20 02:01:51.173,2016-05-20 02:01:51.173,Role 1
5,Start,2016-05-20 14:54:48.697,2016-05-20 14:54:48.697,SYSTEM
5,Traer informacion estudiante - banner,2016-05-20 14:54:48.697,2016-05-20 16:00:00.0,Role 1
5,Radicar Solicitud Homologacion,2016-05-20 16:00:00.0,2016-05-20 16:02:05.527,Role 1
5,Cancelar Solicitud,2016-05-20 16:02:05.527,2016-05-20 16:02:05.527,SYSTEM
5,End,2016-05-20 16:02:05.527,2016-05-20 16:02:05.527,SYSTEM
5,Notificacion estudiante cancelacion soli,2016-05-20 16:02:05.527,2016-05-20 16:02:05.527,SYSTEM
4,Radicar Solicitud Homologacion,2016-05-20 02:01:51.173,2016-05-20 16:05:08.031,Role 1
4,Cancelar Solicitud,2016-05-20 16:05:08.031,2016-05-20 16:05:08.031,SYSTEM
4,End,2016-05-20 16:05:08.031,2016-05-20 16:05:08.031,SYSTEM
4,Notificacion estudiante cancelacion soli,2016-05-20 16:05:08.031,2016-05-20 16:05:08.031,SYSTEM
6,Start,2016-05-20 16:46:29.442,2016-05-20 16:46:29.442,SYSTEM
6,Traer informacion estudiante - banner,2016-05-20 16:46:29.442,2016-05-20 16:46:29.442,Role 1
6,Radicar Solicitud Homologacion,2016-05-20 16:46:29.442,2016-05-20 16:47:27.389,Role 1
6,Cancelar Solicitud,2016-05-20 16:47:27.389,2016-05-20 16:47:27.389,SYSTEM
6,End,2016-05-20 16:47:27.389,2016-05-20 16:47:27.389,SYSTEM
6,Notificacion estudiante cancelacion soli,2016-05-20 16:47:27.389,2016-05-20 16:47:27.389,SYSTEM
7,Start,2016-05-20 17:46:12.83,2016-05-20 17:46:12.83,SYSTEM
7,Traer informacion estudiante - banner,2016-05-20 17:46:12.83,2016-05-20 21:00:00.0,Role 1
7,Radicar Solicitud Homologacion,2016-05-20 21:00:00.0,2016-05-20 21:02:35.649,Role 1
7,Cancelar Solicitud,2016-05-20 21:02:35.649,2016-05-20 21:02:35.649,SYSTEM
7,End,2016-05-20 21:02:35.649,2016-05-20 21:02:35.649,SYSTEM
7,Notificacion estudiante cancelacion soli,2016-05-20 21:02:35.649,2016-05-20 21:02:35.649,SYSTEM
8,Start,2016-05-21 04:27:17.023,2016-05-21 04:27:17.023,SYSTEM
8,Traer informacion estudiante - banner,2016-05-21 04:27:17.023,2016-05-21 04:27:17.023,Role 1
9,Start,2016-05-21 19:37:55.557,2016-05-21 19:37:55.557,SYSTEM
10,Start,2016-05-22 20:36:24.092,2016-05-22 20:36:24.092,SYSTEM
11,Start,2016-05-23 17:59:50.054,2016-05-23 17:59:50.054,SYSTEM
9,Traer informacion estudiante - banner,2016-05-21 19:37:55.557,2016-05-24 18:00:00.0,Role 1
10,Traer informacion estudiante - banner,2016-05-22 20:36:24.092,2016-05-24 18:00:00.0,Role 1
11,Traer informacion estudiante - banner,2016-05-23 17:59:50.054,2016-05-24 18:00:00.0,Role 1
10,Radicar Solicitud Homologacion,2016-05-24 18:00:00.0,2016-05-24 18:00:24.431,Role 1
10,Cancelar Solicitud,2016-05-24 18:00:24.431,2016-05-24 18:00:24.431,SYSTEM
10,End,2016-05-24 18:00:24.431,2016-05-24 18:00:24.431,SYSTEM
10,Notificacion estudiante cancelacion soli,2016-05-24 18:00:24.431,2016-05-24 18:00:24.431,SYSTEM
11,Radicar Solicitud Homologacion,2016-05-24 18:00:00.0,2016-05-24 18:00:56.49,Role 1
11,Cancelar Solicitud,2016-05-24 18:00:56.49,2016-05-24 18:00:56.49,SYSTEM
11,End,2016-05-24 18:00:56.49,2016-05-24 18:00:56.49,SYSTEM
11,Notificacion estudiante cancelacion soli,2016-05-24 18:00:56.49,2016-05-24 18:00:56.49,SYSTEM
8,Radicar Solicitud Homologacion,2016-05-21 04:27:17.023,2016-05-24 18:02:34.229,Role 1
8,Cancelar Solicitud,2016-05-24 18:02:34.229,2016-05-24 18:02:34.229,SYSTEM
8,End,2016-05-24 18:02:34.229,2016-05-24 18:02:34.229,SYSTEM
8,Notificacion estudiante cancelacion soli,2016-05-24 18:02:34.229,2016-05-24 18:02:34.229,SYSTEM
9,Radicar Solicitud Homologacion,2016-05-24 18:00:00.0,2016-05-24 18:05:40.493,Role 1
9,Cancelar Solicitud,2016-05-24 18:05:40.493,2016-05-24 18:05:40.493,SYSTEM
9,End,2016-05-24 18:05:40.493,2016-05-24 18:05:40.493,SYSTEM
9,Notificacion estudiante cancelacion soli,2016-05-24 18:05:40.493,2016-05-24 18:05:40.493,SYSTEM
12,Start,2016-05-24 22:22:23.847,2016-05-24 22:22:23.847,SYSTEM
13,Start,2016-05-25 02:49:29.864,2016-05-25 02:49:29.864,SYSTEM
14,Start,2016-05-25 18:01:50.262,2016-05-25 18:01:50.262,SYSTEM
12,Traer informacion estudiante - banner,2016-05-24 22:22:23.847,2016-05-25 20:00:00.0,Role 1
13,Traer informacion estudiante - banner,2016-05-25 02:49:29.864,2016-05-25 20:00:00.0,Role 1
13,Radicar Solicitud Homologacion,2016-05-25 20:00:00.0,2016-05-25 20:00:23.205,Role 1
13,Cancelar Solicitud,2016-05-25 20:00:23.205,2016-05-25 20:00:23.205,SYSTEM
13,End,2016-05-25 20:00:23.205,2016-05-25 20:00:23.205,SYSTEM
13,Notificacion estudiante cancelacion soli,2016-05-25 20:00:23.205,2016-05-25 20:00:23.205,SYSTEM
14,Radicar Solicitud Homologacion,2016-05-25 18:01:50.262,2016-05-25 20:01:41.612,Role 1
14,Cancelar Solicitud,2016-05-25 20:01:41.612,2016-05-25 20:01:41.612,SYSTEM
14,End,2016-05-25 20:01:41.612,2016-05-25 20:01:41.612,SYSTEM
14,Notificacion estudiante cancelacion soli,2016-05-25 20:01:41.612,2016-05-25 20:01:41.612,SYSTEM
12,Radicar Solicitud Homologacion,2016-05-25 20:00:00.0,2016-05-25 20:03:05.964,Role 1
12,Cancelar Solicitud,2016-05-25 20:03:05.964,2016-05-25 20:03:05.964,SYSTEM
12,End,2016-05-25 20:03:05.964,2016-05-25 20:03:05.964,SYSTEM
12,Notificacion estudiante cancelacion soli,2016-05-25 20:03:05.964,2016-05-25 20:03:05.964,SYSTEM
15,Start,2016-05-25 23:14:52.439,2016-05-25 23:14:52.439,SYSTEM
15,Traer informacion estudiante - banner,2016-05-25 23:14:52.439,2016-05-25 23:14:52.439,Role 1
15,Radicar Solicitud Homologacion,2016-05-25 23:14:52.439,2016-05-25 23:15:45.51,Role 1
15,Cancelar Solicitud,2016-05-25 23:15:45.51,2016-05-25 23:15:45.51,SYSTEM
15,End,2016-05-25 23:15:45.51,2016-05-25 23:15:45.51,SYSTEM
15,Notificacion estudiante cancelacion soli,2016-05-25 23:15:45.51,2016-05-25 23:15:45.51,SYSTEM
16,Start,2016-05-26 02:32:00.706,2016-05-26 02:32:00.706,SYSTEM
16,Traer informacion estudiante - banner,2016-05-26 02:32:00.706,2016-05-26 02:32:00.706,Role 1
16,Radicar Solicitud Homologacion,2016-05-26 02:32:00.706,2016-05-26 16:03:52.518,Role 1
16,Cancelar Solicitud,2016-05-26 16:03:52.518,2016-05-26 16:03:52.518,SYSTEM
16,End,2016-05-26 16:03:52.518,2016-05-26 16:03:52.518,SYSTEM
16,Notificacion estudiante cancelacion soli,2016-05-26 16:03:52.518,2016-05-26 16:03:52.518,SYSTEM
17,Start,2016-05-27 01:58:58.585,2016-05-27 01:58:58.585,SYSTEM
17,Traer informacion estudiante - banner,2016-05-27 01:58:58.585,2016-05-27 01:58:58.585,Role 1
18,Start,2016-05-27 12:24:50.996,2016-05-27 12:24:50.996,SYSTEM
18,Traer informacion estudiante - banner,2016-05-27 12:24:50.996,2016-05-27 16:00:00.0,Role 1
18,Radicar Solicitud Homologacion,2016-05-27 16:00:00.0,2016-05-27 16:01:38.926,Role 1
18,Cancelar Solicitud,2016-05-27 16:01:38.926,2016-05-27 16:01:38.926,SYSTEM
18,End,2016-05-27 16:01:38.926,2016-05-27 16:01:38.926,SYSTEM
18,Notificacion estudiante cancelacion soli,2016-05-27 16:01:38.926,2016-05-27 16:01:38.926,SYSTEM
17,Radicar Solicitud Homologacion,2016-05-27 01:58:58.585,2016-05-27 16:05:03.474,Role 1
17,Cancelar Solicitud,2016-05-27 16:05:03.474,2016-05-27 16:05:03.474,SYSTEM
17,End,2016-05-27 16:05:03.474,2016-05-27 16:05:03.474,SYSTEM
17,Notificacion estudiante cancelacion soli,2016-05-27 16:05:03.474,2016-05-27 16:05:03.474,SYSTEM
19,Start,2016-05-27 19:08:09.7,2016-05-27 19:08:09.7,SYSTEM
20,Start,2016-05-27 20:28:06.895,2016-05-27 20:28:06.895,SYSTEM
19,Traer informacion estudiante - banner,2016-05-27 19:08:09.7,2016-05-27 21:00:00.0,Role 1
20,Traer informacion estudiante - banner,2016-05-27 20:28:06.895,2016-05-27 21:00:00.0,Role 1
19,Radicar Solicitud Homologacion,2016-05-27 21:00:00.0,2016-05-27 21:00:27.742,Role 1
19,Cancelar Solicitud,2016-05-27 21:00:27.742,2016-05-27 21:00:27.742,SYSTEM
19,End,2016-05-27 21:00:27.742,2016-05-27 21:00:27.742,SYSTEM
19,Notificacion estudiante cancelacion soli,2016-05-27 21:00:27.742,2016-05-27 21:00:27.742,SYSTEM
20,Radicar Solicitud Homologacion,2016-05-27 21:00:00.0,2016-05-27 21:03:14.164,Role 1
20,Cancelar Solicitud,2016-05-27 21:03:14.164,2016-05-27 21:03:14.164,SYSTEM
20,End,2016-05-27 21:03:14.164,2016-05-27 21:03:14.164,SYSTEM
20,Notificacion estudiante cancelacion soli,2016-05-27 21:03:14.164,2016-05-27 21:03:14.164,SYSTEM
21,Start,2016-05-28 15:49:36.544,2016-05-28 15:49:36.544,SYSTEM
21,Traer informacion estudiante - banner,2016-05-28 15:49:36.544,2016-05-28 15:49:36.544,Role 1
22,Start,2016-05-28 21:57:45.153,2016-05-28 21:57:45.153,SYSTEM
23,Start,2016-05-29 16:46:18.094,2016-05-29 16:46:18.094,SYSTEM
24,Start,2016-05-30 17:55:38.079,2016-05-30 17:55:38.079,SYSTEM
25,Start,2016-05-30 22:22:57.287,2016-05-30 22:22:57.287,SYSTEM
26,Start,2016-05-30 23:08:24.188,2016-05-30 23:08:24.188,SYSTEM
27,Start,2016-05-31 02:01:53.145,2016-05-31 02:01:53.145,SYSTEM
28,Start,2016-05-31 14:53:27.838,2016-05-31 14:53:27.838,SYSTEM
22,Traer informacion estudiante - banner,2016-05-28 21:57:45.153,2016-05-31 18:00:00.0,Role 1
23,Traer informacion estudiante - banner,2016-05-29 16:46:18.094,2016-05-31 18:00:00.0,Role 1
24,Traer informacion estudiante - banner,2016-05-30 17:55:38.079,2016-05-31 18:00:00.0,Role 1
25,Traer informacion estudiante - banner,2016-05-30 22:22:57.287,2016-05-31 18:00:00.0,Role 1
26,Traer informacion estudiante - banner,2016-05-30 23:08:24.188,2016-05-31 18:00:00.0,Role 1
27,Traer informacion estudiante - banner,2016-05-31 02:01:53.145,2016-05-31 18:00:00.0,Role 1
28,Traer informacion estudiante - banner,2016-05-31 14:53:27.838,2016-05-31 18:00:00.0,Role 1
24,Radicar Solicitud Homologacion,2016-05-31 18:00:00.0,2016-05-31 18:00:02.447,Role 1
24,Cancelar Solicitud,2016-05-31 18:00:02.447,2016-05-31 18:00:02.447,SYSTEM
24,End,2016-05-31 18:00:02.447,2016-05-31 18:00:02.447,SYSTEM
24,Notificacion estudiante cancelacion soli,2016-05-31 18:00:02.447,2016-05-31 18:00:02.447,SYSTEM
25,Radicar Solicitud Homologacion,2016-05-31 18:00:00.0,2016-05-31 18:00:04.109,Role 1
25,Cancelar Solicitud,2016-05-31 18:00:04.109,2016-05-31 18:00:04.109,SYSTEM
25,End,2016-05-31 18:00:04.109,2016-05-31 18:00:04.109,SYSTEM
25,Notificacion estudiante cancelacion soli,2016-05-31 18:00:04.109,2016-05-31 18:00:04.109,SYSTEM
23,Radicar Solicitud Homologacion,2016-05-31 18:00:00.0,2016-05-31 18:00:08.858,Role 1
23,Cancelar Solicitud,2016-05-31 18:00:08.858,2016-05-31 18:00:08.858,SYSTEM
23,End,2016-05-31 18:00:08.858,2016-05-31 18:00:08.858,SYSTEM
23,Notificacion estudiante cancelacion soli,2016-05-31 18:00:08.858,2016-05-31 18:00:08.858,SYSTEM
26,Radicar Solicitud Homologacion,2016-05-31 18:00:00.0,2016-05-31 18:01:30.204,Role 1
26,Cancelar Solicitud,2016-05-31 18:01:30.204,2016-05-31 18:01:30.204,SYSTEM
26,End,2016-05-31 18:01:30.204,2016-05-31 18:01:30.204,SYSTEM
26,Notificacion estudiante cancelacion soli,2016-05-31 18:01:30.204,2016-05-31 18:01:30.204,SYSTEM
22,Radicar Solicitud Homologacion,2016-05-31 18:00:00.0,2016-05-31 18:02:20.934,Role 1
22,Cancelar Solicitud,2016-05-31 18:02:20.934,2016-05-31 18:02:20.934,SYSTEM
22,End,2016-05-31 18:02:20.934,2016-05-31 18:02:20.934,SYSTEM
22,Notificacion estudiante cancelacion soli,2016-05-31 18:02:20.934,2016-05-31 18:02:20.934,SYSTEM
27,Radicar Solicitud Homologacion,2016-05-31 18:00:00.0,2016-05-31 18:03:53.446,Role 1
27,Cancelar Solicitud,2016-05-31 18:03:53.446,2016-05-31 18:03:53.446,SYSTEM
27,End,2016-05-31 18:03:53.446,2016-05-31 18:03:53.446,SYSTEM
27,Notificacion estudiante cancelacion soli,2016-05-31 18:03:53.446,2016-05-31 18:03:53.446,SYSTEM
21,Radicar Solicitud Homologacion,2016-05-28 15:49:36.544,2016-05-31 18:04:32.552,Role 1
21,Cancelar Solicitud,2016-05-31 18:04:32.552,2016-05-31 18:04:32.552,SYSTEM
21,End,2016-05-31 18:04:32.552,2016-05-31 18:04:32.552,SYSTEM
21,Notificacion estudiante cancelacion soli,2016-05-31 18:04:32.552,2016-05-31 18:04:32.552,SYSTEM
28,Radicar Solicitud Homologacion,2016-05-31 18:00:00.0,2016-05-31 18:04:35.16,Role 1
28,Cancelar Solicitud,2016-05-31 18:04:35.16,2016-05-31 18:04:35.16,SYSTEM
28,End,2016-05-31 18:04:35.16,2016-05-31 18:04:35.16,SYSTEM
28,Notificacion estudiante cancelacion soli,2016-05-31 18:04:35.16,2016-05-31 18:04:35.16,SYSTEM
29,Start,2016-05-31 21:21:17.04,2016-05-31 21:21:17.04,SYSTEM
29,Traer informacion estudiante - banner,2016-05-31 21:21:17.04,2016-05-31 21:21:17.04,Role 1
29,Radicar Solicitud Homologacion,2016-05-31 21:21:17.04,2016-05-31 21:23:07.864,Role 1
29,Cancelar Solicitud,2016-05-31 21:23:07.864,2016-05-31 21:23:07.864,SYSTEM
29,End,2016-05-31 21:23:07.864,2016-05-31 21:23:07.864,SYSTEM
29,Notificacion estudiante cancelacion soli,2016-05-31 21:23:07.864,2016-05-31 21:23:07.864,SYSTEM
30,Start,2016-06-01 01:03:20.844,2016-06-01 01:03:20.844,SYSTEM
31,Start,2016-06-01 01:22:27.555,2016-06-01 01:22:27.555,SYSTEM
32,Start,2016-06-01 13:10:16.663,2016-06-01 13:10:16.663,SYSTEM
33,Start,2016-06-01 13:56:29.103,2016-06-01 13:56:29.103,SYSTEM
30,Traer informacion estudiante - banner,2016-06-01 01:03:20.844,2016-06-01 20:00:00.0,Role 1
31,Traer informacion estudiante - banner,2016-06-01 01:22:27.555,2016-06-01 20:00:00.0,Role 1
32,Traer informacion estudiante - banner,2016-06-01 13:10:16.663,2016-06-01 20:00:00.0,Role 1
33,Traer informacion estudiante - banner,2016-06-01 13:56:29.103,2016-06-01 20:00:00.0,Role 1
31,Radicar Solicitud Homologacion,2016-06-01 20:00:00.0,2016-06-01 20:00:26.847,Role 1
31,Cancelar Solicitud,2016-06-01 20:00:26.847,2016-06-01 20:00:26.847,SYSTEM
31,End,2016-06-01 20:00:26.847,2016-06-01 20:00:26.847,SYSTEM
31,Notificacion estudiante cancelacion soli,2016-06-01 20:00:26.847,2016-06-01 20:00:26.847,SYSTEM
30,Radicar Solicitud Homologacion,2016-06-01 20:00:00.0,2016-06-01 20:00:27.779,Role 1
30,Cancelar Solicitud,2016-06-01 20:00:27.779,2016-06-01 20:00:27.779,SYSTEM
30,End,2016-06-01 20:00:27.779,2016-06-01 20:00:27.779,SYSTEM
30,Notificacion estudiante cancelacion soli,2016-06-01 20:00:27.779,2016-06-01 20:00:27.779,SYSTEM
33,Radicar Solicitud Homologacion,2016-06-01 20:00:00.0,2016-06-01 20:02:14.432,Role 1
33,Cancelar Solicitud,2016-06-01 20:02:14.432,2016-06-01 20:02:14.432,SYSTEM
33,End,2016-06-01 20:02:14.432,2016-06-01 20:02:14.432,SYSTEM
33,Notificacion estudiante cancelacion soli,2016-06-01 20:02:14.432,2016-06-01 20:02:14.432,SYSTEM
32,Radicar Solicitud Homologacion,2016-06-01 20:00:00.0,2016-06-01 20:05:39.74,Role 1
32,Cancelar Solicitud,2016-06-01 20:05:39.74,2016-06-01 20:05:39.74,SYSTEM
32,End,2016-06-01 20:05:39.74,2016-06-01 20:05:39.74,SYSTEM
32,Notificacion estudiante cancelacion soli,2016-06-01 20:05:39.74,2016-06-01 20:05:39.74,SYSTEM
34,Start,2016-06-03 01:29:25.927,2016-06-03 01:29:25.927,SYSTEM
34,Traer informacion estudiante - banner,2016-06-03 01:29:25.927,2016-06-03 01:29:25.927,Role 1
35,Start,2016-06-03 03:08:54.981,2016-06-03 03:08:54.981,SYSTEM
35,Traer informacion estudiante - banner,2016-06-03 03:08:54.981,2016-06-03 16:00:00.0,Role 1
34,Radicar Solicitud Homologacion,2016-06-03 01:29:25.927,2016-06-03 16:00:24.447,Role 1
34,Cancelar Solicitud,2016-06-03 16:00:24.447,2016-06-03 16:00:24.447,SYSTEM
34,End,2016-06-03 16:00:24.447,2016-06-03 16:00:24.447,SYSTEM
34,Notificacion estudiante cancelacion soli,2016-06-03 16:00:24.447,2016-06-03 16:00:24.447,SYSTEM
35,Radicar Solicitud Homologacion,2016-06-03 16:00:00.0,2016-06-03 16:02:01.774,Role 1
35,Cancelar Solicitud,2016-06-03 16:02:01.774,2016-06-03 16:02:01.774,SYSTEM
35,End,2016-06-03 16:02:01.774,2016-06-03 16:02:01.774,SYSTEM
35,Notificacion estudiante cancelacion soli,2016-06-03 16:02:01.774,2016-06-03 16:02:01.774,SYSTEM
36,Start,2016-06-03 16:22:02.656,2016-06-03 16:22:02.656,SYSTEM
36,Traer informacion estudiante - banner,2016-06-03 16:22:02.656,2016-06-03 16:22:02.656,Role 1
36,Radicar Solicitud Homologacion,2016-06-03 16:22:02.656,2016-06-03 16:24:33.643,Role 1
36,Cancelar Solicitud,2016-06-03 16:24:33.643,2016-06-03 16:24:33.643,SYSTEM
36,End,2016-06-03 16:24:33.643,2016-06-03 16:24:33.643,SYSTEM
36,Notificacion estudiante cancelacion soli,2016-06-03 16:24:33.643,2016-06-03 16:24:33.643,SYSTEM
37,Start,2016-06-03 22:23:44.881,2016-06-03 22:23:44.881,SYSTEM
37,Traer informacion estudiante - banner,2016-06-03 22:23:44.881,2016-06-04 00:00:00.0,Role 1
37,Radicar Solicitud Homologacion,2016-06-04 00:00:00.0,2016-06-04 00:06:58.73,Role 1
37,Cancelar Solicitud,2016-06-04 00:06:58.73,2016-06-04 00:06:58.73,SYSTEM
37,End,2016-06-04 00:06:58.73,2016-06-04 00:06:58.73,SYSTEM
37,Notificacion estudiante cancelacion soli,2016-06-04 00:06:58.73,2016-06-04 00:06:58.73,SYSTEM
38,Start,2016-06-04 16:12:23.417,2016-06-04 16:12:23.417,SYSTEM
39,Start,2016-06-04 22:07:09.651,2016-06-04 22:07:09.651,SYSTEM
40,Start,2016-06-05 00:24:24.974,2016-06-05 00:24:24.974,SYSTEM
41,Start,2016-06-06 15:27:29.307,2016-06-06 15:27:29.307,SYSTEM
42,Start,2016-06-06 22:54:36.074,2016-06-06 22:54:36.074,SYSTEM
43,Start,2016-06-06 23:40:53.925,2016-06-06 23:40:53.925,SYSTEM
38,Traer informacion estudiante - banner,2016-06-04 16:12:23.417,2016-06-07 18:00:00.0,Role 1
39,Traer informacion estudiante - banner,2016-06-04 22:07:09.651,2016-06-07 18:00:00.0,Role 1
40,Traer informacion estudiante - banner,2016-06-05 00:24:24.974,2016-06-07 18:00:00.0,Role 1
41,Traer informacion estudiante - banner,2016-06-06 15:27:29.307,2016-06-07 18:00:00.0,Role 1
42,Traer informacion estudiante - banner,2016-06-06 22:54:36.074,2016-06-07 18:00:00.0,Role 1
43,Traer informacion estudiante - banner,2016-06-06 23:40:53.925,2016-06-07 18:00:00.0,Role 1
41,Radicar Solicitud Homologacion,2016-06-07 18:00:00.0,2016-06-07 18:00:00.678,Role 1
41,Cancelar Solicitud,2016-06-07 18:00:00.678,2016-06-07 18:00:00.678,SYSTEM
41,End,2016-06-07 18:00:00.678,2016-06-07 18:00:00.678,SYSTEM
41,Notificacion estudiante cancelacion soli,2016-06-07 18:00:00.678,2016-06-07 18:00:00.678,SYSTEM
38,Radicar Solicitud Homologacion,2016-06-07 18:00:00.0,2016-06-07 18:00:16.471,Role 1
38,Cancelar Solicitud,2016-06-07 18:00:16.471,2016-06-07 18:00:16.471,SYSTEM
38,End,2016-06-07 18:00:16.471,2016-06-07 18:00:16.471,SYSTEM
38,Notificacion estudiante cancelacion soli,2016-06-07 18:00:16.471,2016-06-07 18:00:16.471,SYSTEM
43,Radicar Solicitud Homologacion,2016-06-07 18:00:00.0,2016-06-07 18:00:30.107,Role 1
43,Cancelar Solicitud,2016-06-07 18:00:30.107,2016-06-07 18:00:30.107,SYSTEM
43,End,2016-06-07 18:00:30.107,2016-06-07 18:00:30.107,SYSTEM
43,Notificacion estudiante cancelacion soli,2016-06-07 18:00:30.107,2016-06-07 18:00:30.107,SYSTEM
42,Radicar Solicitud Homologacion,2016-06-07 18:00:00.0,2016-06-07 18:01:00.298,Role 1
42,Cancelar Solicitud,2016-06-07 18:01:00.298,2016-06-07 18:01:00.298,SYSTEM
42,End,2016-06-07 18:01:00.298,2016-06-07 18:01:00.298,SYSTEM
42,Notificacion estudiante cancelacion soli,2016-06-07 18:01:00.298,2016-06-07 18:01:00.298,SYSTEM
39,Radicar Solicitud Homologacion,2016-06-07 18:00:00.0,2016-06-07 18:01:33.58,Role 1
39,Cancelar Solicitud,2016-06-07 18:01:33.58,2016-06-07 18:01:33.58,SYSTEM
39,End,2016-06-07 18:01:33.58,2016-06-07 18:01:33.58,SYSTEM
39,Notificacion estudiante cancelacion soli,2016-06-07 18:01:33.58,2016-06-07 18:01:33.58,SYSTEM
40,Radicar Solicitud Homologacion,2016-06-07 18:00:00.0,2016-06-07 18:04:15.259,Role 1
40,Cancelar Solicitud,2016-06-07 18:04:15.259,2016-06-07 18:04:15.259,SYSTEM
40,End,2016-06-07 18:04:15.259,2016-06-07 18:04:15.259,SYSTEM
40,Notificacion estudiante cancelacion soli,2016-06-07 18:04:15.259,2016-06-07 18:04:15.259,SYSTEM
44,Start,2016-06-07 23:19:09.803,2016-06-07 23:19:09.803,SYSTEM
44,Traer informacion estudiante - banner,2016-06-07 23:19:09.803,2016-06-08 20:00:00.0,Role 1
44,Radicar Solicitud Homologacion,2016-06-08 20:00:00.0,2016-06-08 20:02:12.162,Role 1
44,Cancelar Solicitud,2016-06-08 20:02:12.162,2016-06-08 20:02:12.162,SYSTEM
44,End,2016-06-08 20:02:12.162,2016-06-08 20:02:12.162,SYSTEM
44,Notificacion estudiante cancelacion soli,2016-06-08 20:02:12.162,2016-06-08 20:02:12.162,SYSTEM
45,Start,2016-06-08 23:34:01.781,2016-06-08 23:34:01.781,SYSTEM
45,Traer informacion estudiante - banner,2016-06-08 23:34:01.781,2016-06-08 23:34:01.781,Role 1
45,Radicar Solicitud Homologacion,2016-06-08 23:34:01.781,2016-06-08 23:38:33.454,Role 1
45,Cancelar Solicitud,2016-06-08 23:38:33.454,2016-06-08 23:38:33.454,SYSTEM
45,End,2016-06-08 23:38:33.454,2016-06-08 23:38:33.454,SYSTEM
45,Notificacion estudiante cancelacion soli,2016-06-08 23:38:33.454,2016-06-08 23:38:33.454,SYSTEM
46,Start,2016-06-09 00:59:19.088,2016-06-09 00:59:19.088,SYSTEM
46,Traer informacion estudiante - banner,2016-06-09 00:59:19.088,2016-06-09 00:59:19.088,Role 1
46,Radicar Solicitud Homologacion,2016-06-09 00:59:19.088,2016-06-09 16:07:10.59,Role 1
46,Cancelar Solicitud,2016-06-09 16:07:10.59,2016-06-09 16:07:10.59,SYSTEM
46,End,2016-06-09 16:07:10.59,2016-06-09 16:07:10.59,SYSTEM
46,Notificacion estudiante cancelacion soli,2016-06-09 16:07:10.59,2016-06-09 16:07:10.59,SYSTEM
47,Start,2016-06-09 19:50:32.904,2016-06-09 19:50:32.904,SYSTEM
47,Traer informacion estudiante - banner,2016-06-09 19:50:32.904,2016-06-09 19:50:32.904,Role 1
47,Radicar Solicitud Homologacion,2016-06-09 19:50:32.904,2016-06-09 19:58:37.382,Role 1
47,Cancelar Solicitud,2016-06-09 19:58:37.382,2016-06-09 19:58:37.382,SYSTEM
47,End,2016-06-09 19:58:37.382,2016-06-09 19:58:37.382,SYSTEM
47,Notificacion estudiante cancelacion soli,2016-06-09 19:58:37.382,2016-06-09 19:58:37.382,SYSTEM
48,Start,2016-06-09 22:42:41.182,2016-06-09 22:42:41.182,SYSTEM
48,Traer informacion estudiante - banner,2016-06-09 22:42:41.182,2016-06-09 22:42:41.182,Role 1
48,Radicar Solicitud Homologacion,2016-06-09 22:42:41.182,2016-06-09 22:47:29.805,Role 1
48,Cancelar Solicitud,2016-06-09 22:47:29.805,2016-06-09 22:47:29.805,SYSTEM
48,End,2016-06-09 22:47:29.805,2016-06-09 22:47:29.805,SYSTEM
48,Notificacion estudiante cancelacion soli,2016-06-09 22:47:29.805,2016-06-09 22:47:29.805,SYSTEM
49,Start,2016-06-10 12:12:04.951,2016-06-10 12:12:04.951,SYSTEM
49,Traer informacion estudiante - banner,2016-06-10 12:12:04.951,2016-06-10 12:12:04.951,Role 1
49,Radicar Solicitud Homologacion,2016-06-10 12:12:04.951,2016-06-10 16:02:48.496,Role 1
49,Cancelar Solicitud,2016-06-10 16:02:48.496,2016-06-10 16:02:48.496,SYSTEM
49,End,2016-06-10 16:02:48.496,2016-06-10 16:02:48.496,SYSTEM
49,Notificacion estudiante cancelacion soli,2016-06-10 16:02:48.496,2016-06-10 16:02:48.496,SYSTEM
50,Start,2016-06-11 12:42:57.201,2016-06-11 12:42:57.201,SYSTEM
50,Traer informacion estudiante - banner,2016-06-11 12:42:57.201,2016-06-11 12:42:57.201,Role 1
51,Start,2016-06-11 22:20:14.867,2016-06-11 22:20:14.867,SYSTEM
52,Start,2016-06-12 00:27:33.711,2016-06-12 00:27:33.711,SYSTEM
53,Start,2016-06-12 01:44:03.218,2016-06-12 01:44:03.218,SYSTEM
54,Start,2016-06-12 03:09:47.657,2016-06-12 03:09:47.657,SYSTEM
55,Start,2016-06-13 17:47:20.369,2016-06-13 17:47:20.369,SYSTEM
56,Start,2016-06-13 22:59:44.767,2016-06-13 22:59:44.767,SYSTEM
51,Traer informacion estudiante - banner,2016-06-11 22:20:14.867,2016-06-14 18:00:00.0,Role 1
52,Traer informacion estudiante - banner,2016-06-12 00:27:33.711,2016-06-14 18:00:00.0,Role 1
53,Traer informacion estudiante - banner,2016-06-12 01:44:03.218,2016-06-14 18:00:00.0,Role 1
54,Traer informacion estudiante - banner,2016-06-12 03:09:47.657,2016-06-14 18:00:00.0,Role 1
55,Traer informacion estudiante - banner,2016-06-13 17:47:20.369,2016-06-14 18:00:00.0,Role 1
56,Traer informacion estudiante - banner,2016-06-13 22:59:44.767,2016-06-14 18:00:00.0,Role 1
56,Radicar Solicitud Homologacion,2016-06-14 18:00:00.0,2016-06-14 18:00:08.279,Role 1
56,Cancelar Solicitud,2016-06-14 18:00:08.279,2016-06-14 18:00:08.279,SYSTEM
56,End,2016-06-14 18:00:08.279,2016-06-14 18:00:08.279,SYSTEM
56,Notificacion estudiante cancelacion soli,2016-06-14 18:00:08.279,2016-06-14 18:00:08.279,SYSTEM
54,Radicar Solicitud Homologacion,2016-06-14 18:00:00.0,2016-06-14 18:00:21.737,Role 1
54,Cancelar Solicitud,2016-06-14 18:00:21.737,2016-06-14 18:00:21.737,SYSTEM
54,End,2016-06-14 18:00:21.737,2016-06-14 18:00:21.737,SYSTEM
54,Notificacion estudiante cancelacion soli,2016-06-14 18:00:21.737,2016-06-14 18:00:21.737,SYSTEM
52,Radicar Solicitud Homologacion,2016-06-14 18:00:00.0,2016-06-14 18:00:51.413,Role 1
52,Cancelar Solicitud,2016-06-14 18:00:51.413,2016-06-14 18:00:51.413,SYSTEM
52,End,2016-06-14 18:00:51.413,2016-06-14 18:00:51.413,SYSTEM
52,Notificacion estudiante cancelacion soli,2016-06-14 18:00:51.413,2016-06-14 18:00:51.413,SYSTEM
50,Radicar Solicitud Homologacion,2016-06-11 12:42:57.201,2016-06-14 18:04:25.614,Role 1
50,Cancelar Solicitud,2016-06-14 18:04:25.614,2016-06-14 18:04:25.614,SYSTEM
50,End,2016-06-14 18:04:25.614,2016-06-14 18:04:25.614,SYSTEM
50,Notificacion estudiante cancelacion soli,2016-06-14 18:04:25.614,2016-06-14 18:04:25.614,SYSTEM
55,Radicar Solicitud Homologacion,2016-06-14 18:00:00.0,2016-06-14 18:04:48.57,Role 1
55,Cancelar Solicitud,2016-06-14 18:04:48.57,2016-06-14 18:04:48.57,SYSTEM
55,End,2016-06-14 18:04:48.57,2016-06-14 18:04:48.57,SYSTEM
55,Notificacion estudiante cancelacion soli,2016-06-14 18:04:48.57,2016-06-14 18:04:48.57,SYSTEM
53,Radicar Solicitud Homologacion,2016-06-14 18:00:00.0,2016-06-14 18:06:22.729,Role 1
53,Cancelar Solicitud,2016-06-14 18:06:22.729,2016-06-14 18:06:22.729,SYSTEM
53,End,2016-06-14 18:06:22.729,2016-06-14 18:06:22.729,SYSTEM
53,Notificacion estudiante cancelacion soli,2016-06-14 18:06:22.729,2016-06-14 18:06:22.729,SYSTEM
51,Radicar Solicitud Homologacion,2016-06-14 18:00:00.0,2016-06-14 18:06:31.27,Role 1
51,Cancelar Solicitud,2016-06-14 18:06:31.27,2016-06-14 18:06:31.27,SYSTEM
51,End,2016-06-14 18:06:31.27,2016-06-14 18:06:31.27,SYSTEM
51,Notificacion estudiante cancelacion soli,2016-06-14 18:06:31.27,2016-06-14 18:06:31.27,SYSTEM
57,Start,2016-06-14 20:13:01.819,2016-06-14 20:13:01.819,SYSTEM
57,Traer informacion estudiante - banner,2016-06-14 20:13:01.819,2016-06-14 21:00:00.0,Role 1
57,Radicar Solicitud Homologacion,2016-06-14 21:00:00.0,2016-06-14 21:01:33.809,Role 1
57,Cancelar Solicitud,2016-06-14 21:01:33.809,2016-06-14 21:01:33.809,SYSTEM
57,End,2016-06-14 21:01:33.809,2016-06-14 21:01:33.809,SYSTEM
57,Notificacion estudiante cancelacion soli,2016-06-14 21:01:33.809,2016-06-14 21:01:33.809,SYSTEM
58,Start,2016-06-14 23:04:14.184,2016-06-14 23:04:14.184,SYSTEM
59,Start,2016-06-15 02:19:38.662,2016-06-15 02:19:38.662,SYSTEM
60,Start,2016-06-15 02:53:12.533,2016-06-15 02:53:12.533,SYSTEM
61,Start,2016-06-15 14:22:53.875,2016-06-15 14:22:53.875,SYSTEM
62,Start,2016-06-15 19:14:47.181,2016-06-15 19:14:47.181,SYSTEM
58,Traer informacion estudiante - banner,2016-06-14 23:04:14.184,2016-06-15 20:00:00.0,Role 1
59,Traer informacion estudiante - banner,2016-06-15 02:19:38.662,2016-06-15 20:00:00.0,Role 1
60,Traer informacion estudiante - banner,2016-06-15 02:53:12.533,2016-06-15 20:00:00.0,Role 1
61,Traer informacion estudiante - banner,2016-06-15 14:22:53.875,2016-06-15 20:00:00.0,Role 1
62,Traer informacion estudiante - banner,2016-06-15 19:14:47.181,2016-06-15 20:00:00.0,Role 1
59,Radicar Solicitud Homologacion,2016-06-15 20:00:00.0,2016-06-15 20:00:01.016,Role 1
59,Cancelar Solicitud,2016-06-15 20:00:01.016,2016-06-15 20:00:01.016,SYSTEM
59,End,2016-06-15 20:00:01.016,2016-06-15 20:00:01.016,SYSTEM
59,Notificacion estudiante cancelacion soli,2016-06-15 20:00:01.016,2016-06-15 20:00:01.016,SYSTEM
62,Radicar Solicitud Homologacion,2016-06-15 20:00:00.0,2016-06-15 20:00:49.778,Role 1
62,Cancelar Solicitud,2016-06-15 20:00:49.778,2016-06-15 20:00:49.778,SYSTEM
62,End,2016-06-15 20:00:49.778,2016-06-15 20:00:49.778,SYSTEM
62,Notificacion estudiante cancelacion soli,2016-06-15 20:00:49.778,2016-06-15 20:00:49.778,SYSTEM
61,Radicar Solicitud Homologacion,2016-06-15 20:00:00.0,2016-06-15 20:01:05.336,Role 1
61,Cancelar Solicitud,2016-06-15 20:01:05.336,2016-06-15 20:01:05.336,SYSTEM
61,End,2016-06-15 20:01:05.336,2016-06-15 20:01:05.336,SYSTEM
61,Notificacion estudiante cancelacion soli,2016-06-15 20:01:05.336,2016-06-15 20:01:05.336,SYSTEM
58,Radicar Solicitud Homologacion,2016-06-15 20:00:00.0,2016-06-15 20:01:47.979,Role 1
58,Cancelar Solicitud,2016-06-15 20:01:47.979,2016-06-15 20:01:47.979,SYSTEM
58,End,2016-06-15 20:01:47.979,2016-06-15 20:01:47.979,SYSTEM
58,Notificacion estudiante cancelacion soli,2016-06-15 20:01:47.979,2016-06-15 20:01:47.979,SYSTEM
60,Radicar Solicitud Homologacion,2016-06-15 20:00:00.0,2016-06-15 20:07:56.604,Role 1
60,Cancelar Solicitud,2016-06-15 20:07:56.604,2016-06-15 20:07:56.604,SYSTEM
60,End,2016-06-15 20:07:56.604,2016-06-15 20:07:56.604,SYSTEM
60,Notificacion estudiante cancelacion soli,2016-06-15 20:07:56.604,2016-06-15 20:07:56.604,SYSTEM
63,Start,2016-06-15 20:59:35.971,2016-06-15 20:59:35.971,SYSTEM
63,Traer informacion estudiante - banner,2016-06-15 20:59:35.971,2016-06-15 20:59:35.971,Role 1
63,Radicar Solicitud Homologacion,2016-06-15 20:59:35.971,2016-06-15 20:59:39.899,Role 1
63,Cancelar Solicitud,2016-06-15 20:59:39.899,2016-06-15 20:59:39.899,SYSTEM
63,End,2016-06-15 20:59:39.899,2016-06-15 20:59:39.899,SYSTEM
63,Notificacion estudiante cancelacion soli,2016-06-15 20:59:39.899,2016-06-15 20:59:39.899,SYSTEM
64,Start,2016-06-15 21:51:10.962,2016-06-15 21:51:10.962,SYSTEM
64,Traer informacion estudiante - banner,2016-06-15 21:51:10.962,2016-06-15 21:51:10.962,Role 1
64,Radicar Solicitud Homologacion,2016-06-15 21:51:10.962,2016-06-15 22:00:34.315,Role 1
64,Cancelar Solicitud,2016-06-15 22:00:34.315,2016-06-15 22:00:34.315,SYSTEM
64,End,2016-06-15 22:00:34.315,2016-06-15 22:00:34.315,SYSTEM
64,Notificacion estudiante cancelacion soli,2016-06-15 22:00:34.315,2016-06-15 22:00:34.315,SYSTEM
65,Start,2016-06-15 22:10:31.675,2016-06-15 22:10:31.675,SYSTEM
65,Radicar Solicitud Homologacion,2016-06-15 22:10:31.675,2016-06-15 22:11:36.024,Role 1
65,Cancelar Solicitud,2016-06-15 22:11:36.024,2016-06-15 22:11:36.024,SYSTEM
65,End,2016-06-15 22:11:36.024,2016-06-15 22:11:36.024,SYSTEM
65,Notificacion estudiante cancelacion soli,2016-06-15 22:11:36.024,2016-06-15 22:11:36.024,SYSTEM
66,Start,2016-06-15 22:18:33.784,2016-06-15 22:18:33.784,SYSTEM
66,Traer informacion estudiante - banner,2016-06-15 22:18:33.784,2016-06-15 22:18:33.784,Role 1
66,Radicar Solicitud Homologacion,2016-06-15 22:18:33.784,2016-06-15 22:22:32.168,Role 1
66,Cancelar Solicitud,2016-06-15 22:22:32.168,2016-06-15 22:22:32.168,SYSTEM
66,End,2016-06-15 22:22:32.168,2016-06-15 22:22:32.168,SYSTEM
66,Notificacion estudiante cancelacion soli,2016-06-15 22:22:32.168,2016-06-15 22:22:32.168,SYSTEM
67,Start,2016-06-17 02:19:42.789,2016-06-17 02:19:42.789,SYSTEM
67,Traer informacion estudiante - banner,2016-06-17 02:19:42.789,2016-06-17 02:19:42.789,Role 1
67,Radicar Solicitud Homologacion,2016-06-17 02:19:42.789,2016-06-17 16:02:41.073,Role 1
67,Cancelar Solicitud,2016-06-17 16:02:41.073,2016-06-17 16:02:41.073,SYSTEM
67,End,2016-06-17 16:02:41.073,2016-06-17 16:02:41.073,SYSTEM
67,Notificacion estudiante cancelacion soli,2016-06-17 16:02:41.073,2016-06-17 16:02:41.073,SYSTEM
68,Start,2016-06-17 22:41:36.344,2016-06-17 22:41:36.344,SYSTEM
68,Traer informacion estudiante - banner,2016-06-17 22:41:36.344,2016-06-18 00:00:00.0,Role 1
69,Start,2016-06-18 00:03:47.888,2016-06-18 00:03:47.888,SYSTEM
69,Traer informacion estudiante - banner,2016-06-18 00:03:47.888,2016-06-18 00:03:47.888,Role 1
68,Radicar Solicitud Homologacion,2016-06-18 00:00:00.0,2016-06-18 00:04:51.437,Role 1
68,Cancelar Solicitud,2016-06-18 00:04:51.437,2016-06-18 00:04:51.437,SYSTEM
68,End,2016-06-18 00:04:51.437,2016-06-18 00:04:51.437,SYSTEM
68,Notificacion estudiante cancelacion soli,2016-06-18 00:04:51.437,2016-06-18 00:04:51.437,SYSTEM
69,Radicar Solicitud Homologacion,2016-06-18 00:03:47.888,2016-06-18 00:05:03.265,Role 1
69,Cancelar Solicitud,2016-06-18 00:05:03.265,2016-06-18 00:05:03.265,SYSTEM
69,End,2016-06-18 00:05:03.265,2016-06-18 00:05:03.265,SYSTEM
69,Notificacion estudiante cancelacion soli,2016-06-18 00:05:03.265,2016-06-18 00:05:03.265,SYSTEM
70,Start,2016-06-18 14:12:14.536,2016-06-18 14:12:14.536,SYSTEM
71,Start,2016-06-18 17:56:35.76,2016-06-18 17:56:35.76,SYSTEM
72,Start,2016-06-18 20:34:31.05,2016-06-18 20:34:31.05,SYSTEM
73,Start,2016-06-18 20:45:06.822,2016-06-18 20:45:06.822,SYSTEM
74,Start,2016-06-19 01:38:56.222,2016-06-19 01:38:56.222,SYSTEM
75,Start,2016-06-19 03:03:17.092,2016-06-19 03:03:17.092,SYSTEM
76,Start,2016-06-19 17:24:00.28,2016-06-19 17:24:00.28,SYSTEM
77,Start,2016-06-19 20:01:51.182,2016-06-19 20:01:51.182,SYSTEM
78,Start,2016-06-20 17:47:07.694,2016-06-20 17:47:07.694,SYSTEM
79,Start,2016-06-20 23:57:35.395,2016-06-20 23:57:35.395,SYSTEM
80,Start,2016-06-21 14:20:03.746,2016-06-21 14:20:03.746,SYSTEM
81,Start,2016-06-21 17:58:57.389,2016-06-21 17:58:57.389,SYSTEM
70,Traer informacion estudiante - banner,2016-06-18 14:12:14.536,2016-06-21 18:00:00.0,Role 1
71,Traer informacion estudiante - banner,2016-06-18 17:56:35.76,2016-06-21 18:00:00.0,Role 1
72,Traer informacion estudiante - banner,2016-06-18 20:34:31.05,2016-06-21 18:00:00.0,Role 1
73,Traer informacion estudiante - banner,2016-06-18 20:45:06.822,2016-06-21 18:00:00.0,Role 1
74,Traer informacion estudiante - banner,2016-06-19 01:38:56.222,2016-06-21 18:00:00.0,Role 1
75,Traer informacion estudiante - banner,2016-06-19 03:03:17.092,2016-06-21 18:00:00.0,Role 1
76,Traer informacion estudiante - banner,2016-06-19 17:24:00.28,2016-06-21 18:00:00.0,Role 1
77,Traer informacion estudiante - banner,2016-06-19 20:01:51.182,2016-06-21 18:00:00.0,Role 1
78,Traer informacion estudiante - banner,2016-06-20 17:47:07.694,2016-06-21 18:00:00.0,Role 1
79,Traer informacion estudiante - banner,2016-06-20 23:57:35.395,2016-06-21 18:00:00.0,Role 1
80,Traer informacion estudiante - banner,2016-06-21 14:20:03.746,2016-06-21 18:00:00.0,Role 1
81,Traer informacion estudiante - banner,2016-06-21 17:58:57.389,2016-06-21 18:00:00.0,Role 1
74,Radicar Solicitud Homologacion,2016-06-21 18:00:00.0,2016-06-21 18:00:07.601,Role 1
74,Cancelar Solicitud,2016-06-21 18:00:07.601,2016-06-21 18:00:07.601,SYSTEM
74,End,2016-06-21 18:00:07.601,2016-06-21 18:00:07.601,SYSTEM
74,Notificacion estudiante cancelacion soli,2016-06-21 18:00:07.601,2016-06-21 18:00:07.601,SYSTEM
77,Radicar Solicitud Homologacion,2016-06-21 18:00:00.0,2016-06-21 18:00:43.629,Role 1
77,Cancelar Solicitud,2016-06-21 18:00:43.629,2016-06-21 18:00:43.629,SYSTEM
77,End,2016-06-21 18:00:43.629,2016-06-21 18:00:43.629,SYSTEM
77,Notificacion estudiante cancelacion soli,2016-06-21 18:00:43.629,2016-06-21 18:00:43.629,SYSTEM
73,Radicar Solicitud Homologacion,2016-06-21 18:00:00.0,2016-06-21 18:00:59.31,Role 1
73,Cancelar Solicitud,2016-06-21 18:00:59.31,2016-06-21 18:00:59.31,SYSTEM
73,End,2016-06-21 18:00:59.31,2016-06-21 18:00:59.31,SYSTEM
73,Notificacion estudiante cancelacion soli,2016-06-21 18:00:59.31,2016-06-21 18:00:59.31,SYSTEM
80,Radicar Solicitud Homologacion,2016-06-21 18:00:00.0,2016-06-21 18:02:33.312,Role 1
80,Cancelar Solicitud,2016-06-21 18:02:33.312,2016-06-21 18:02:33.312,SYSTEM
80,End,2016-06-21 18:02:33.312,2016-06-21 18:02:33.312,SYSTEM
80,Notificacion estudiante cancelacion soli,2016-06-21 18:02:33.312,2016-06-21 18:02:33.312,SYSTEM
79,Radicar Solicitud Homologacion,2016-06-21 18:00:00.0,2016-06-21 18:02:45.63,Role 1
79,Cancelar Solicitud,2016-06-21 18:02:45.63,2016-06-21 18:02:45.63,SYSTEM
79,End,2016-06-21 18:02:45.63,2016-06-21 18:02:45.63,SYSTEM
79,Notificacion estudiante cancelacion soli,2016-06-21 18:02:45.63,2016-06-21 18:02:45.63,SYSTEM
78,Radicar Solicitud Homologacion,2016-06-21 18:00:00.0,2016-06-21 18:03:43.352,Role 1
78,Cancelar Solicitud,2016-06-21 18:03:43.352,2016-06-21 18:03:43.352,SYSTEM
78,End,2016-06-21 18:03:43.352,2016-06-21 18:03:43.352,SYSTEM
78,Notificacion estudiante cancelacion soli,2016-06-21 18:03:43.352,2016-06-21 18:03:43.352,SYSTEM
72,Radicar Solicitud Homologacion,2016-06-21 18:00:00.0,2016-06-21 18:04:19.904,Role 1
72,Cancelar Solicitud,2016-06-21 18:04:19.904,2016-06-21 18:04:19.904,SYSTEM
72,End,2016-06-21 18:04:19.904,2016-06-21 18:04:19.904,SYSTEM
72,Notificacion estudiante cancelacion soli,2016-06-21 18:04:19.904,2016-06-21 18:04:19.904,SYSTEM
81,Radicar Solicitud Homologacion,2016-06-21 18:00:00.0,2016-06-21 18:04:23.283,Role 1
81,Cancelar Solicitud,2016-06-21 18:04:23.283,2016-06-21 18:04:23.283,SYSTEM
81,End,2016-06-21 18:04:23.283,2016-06-21 18:04:23.283,SYSTEM
81,Notificacion estudiante cancelacion soli,2016-06-21 18:04:23.283,2016-06-21 18:04:23.283,SYSTEM
76,Radicar Solicitud Homologacion,2016-06-21 18:00:00.0,2016-06-21 18:04:32.693,Role 1
76,Cancelar Solicitud,2016-06-21 18:04:32.693,2016-06-21 18:04:32.693,SYSTEM
76,End,2016-06-21 18:04:32.693,2016-06-21 18:04:32.693,SYSTEM
76,Notificacion estudiante cancelacion soli,2016-06-21 18:04:32.693,2016-06-21 18:04:32.693,SYSTEM
71,Radicar Solicitud Homologacion,2016-06-21 18:00:00.0,2016-06-21 18:04:58.508,Role 1
71,Cancelar Solicitud,2016-06-21 18:04:58.508,2016-06-21 18:04:58.508,SYSTEM
71,End,2016-06-21 18:04:58.508,2016-06-21 18:04:58.508,SYSTEM
71,Notificacion estudiante cancelacion soli,2016-06-21 18:04:58.508,2016-06-21 18:04:58.508,SYSTEM
70,Radicar Solicitud Homologacion,2016-06-21 18:00:00.0,2016-06-21 18:05:35.427,Role 1
70,Cancelar Solicitud,2016-06-21 18:05:35.427,2016-06-21 18:05:35.427,SYSTEM
70,End,2016-06-21 18:05:35.427,2016-06-21 18:05:35.427,SYSTEM
70,Notificacion estudiante cancelacion soli,2016-06-21 18:05:35.427,2016-06-21 18:05:35.427,SYSTEM
75,Radicar Solicitud Homologacion,2016-06-21 18:00:00.0,2016-06-21 18:11:56.057,Role 1
75,Cancelar Solicitud,2016-06-21 18:11:56.057,2016-06-21 18:11:56.057,SYSTEM
75,End,2016-06-21 18:11:56.057,2016-06-21 18:11:56.057,SYSTEM
75,Notificacion estudiante cancelacion soli,2016-06-21 18:11:56.057,2016-06-21 18:11:56.057,SYSTEM
82,Start,2016-06-22 03:46:22.625,2016-06-22 03:46:22.625,SYSTEM
83,Start,2016-06-22 14:22:26.56,2016-06-22 14:22:26.56,SYSTEM
84,Start,2016-06-22 16:10:05.597,2016-06-22 16:10:05.597,SYSTEM
85,Start,2016-06-22 18:50:14.38,2016-06-22 18:50:14.38,SYSTEM
82,Traer informacion estudiante - banner,2016-06-22 03:46:22.625,2016-06-22 20:00:00.0,Role 1
83,Traer informacion estudiante - banner,2016-06-22 14:22:26.56,2016-06-22 20:00:00.0,Role 1
84,Traer informacion estudiante - banner,2016-06-22 16:10:05.597,2016-06-22 20:00:00.0,Role 1
85,Traer informacion estudiante - banner,2016-06-22 18:50:14.38,2016-06-22 20:00:00.0,Role 1
84,Radicar Solicitud Homologacion,2016-06-22 20:00:00.0,2016-06-22 20:01:38.078,Role 1
84,Cancelar Solicitud,2016-06-22 20:01:38.078,2016-06-22 20:01:38.078,SYSTEM
84,End,2016-06-22 20:01:38.078,2016-06-22 20:01:38.078,SYSTEM
84,Notificacion estudiante cancelacion soli,2016-06-22 20:01:38.078,2016-06-22 20:01:38.078,SYSTEM
83,Radicar Solicitud Homologacion,2016-06-22 20:00:00.0,2016-06-22 20:02:58.485,Role 1
83,Cancelar Solicitud,2016-06-22 20:02:58.485,2016-06-22 20:02:58.485,SYSTEM
83,End,2016-06-22 20:02:58.485,2016-06-22 20:02:58.485,SYSTEM
83,Notificacion estudiante cancelacion soli,2016-06-22 20:02:58.485,2016-06-22 20:02:58.485,SYSTEM
85,Radicar Solicitud Homologacion,2016-06-22 20:00:00.0,2016-06-22 20:04:34.31,Role 1
85,Cancelar Solicitud,2016-06-22 20:04:34.31,2016-06-22 20:04:34.31,SYSTEM
85,End,2016-06-22 20:04:34.31,2016-06-22 20:04:34.31,SYSTEM
85,Notificacion estudiante cancelacion soli,2016-06-22 20:04:34.31,2016-06-22 20:04:34.31,SYSTEM
82,Radicar Solicitud Homologacion,2016-06-22 20:00:00.0,2016-06-22 20:06:32.869,Role 1
82,Cancelar Solicitud,2016-06-22 20:06:32.869,2016-06-22 20:06:32.869,SYSTEM
82,End,2016-06-22 20:06:32.869,2016-06-22 20:06:32.869,SYSTEM
82,Notificacion estudiante cancelacion soli,2016-06-22 20:06:32.869,2016-06-22 20:06:32.869,SYSTEM
86,Start,2016-06-22 21:46:12.324,2016-06-22 21:46:12.324,SYSTEM
86,Traer informacion estudiante - banner,2016-06-22 21:46:12.324,2016-06-22 21:46:12.324,Role 1
86,Radicar Solicitud Homologacion,2016-06-22 21:46:12.324,2016-06-22 21:50:51.692,Role 1
86,Cancelar Solicitud,2016-06-22 21:50:51.692,2016-06-22 21:50:51.692,SYSTEM
86,End,2016-06-22 21:50:51.692,2016-06-22 21:50:51.692,SYSTEM
86,Notificacion estudiante cancelacion soli,2016-06-22 21:50:51.692,2016-06-22 21:50:51.692,SYSTEM
87,Start,2016-06-22 22:54:52.59,2016-06-22 22:54:52.59,SYSTEM
87,Traer informacion estudiante - banner,2016-06-22 22:54:52.59,2016-06-22 22:54:52.59,Role 1
87,Radicar Solicitud Homologacion,2016-06-22 22:54:52.59,2016-06-22 23:03:15.527,Role 1
87,Cancelar Solicitud,2016-06-22 23:03:15.527,2016-06-22 23:03:15.527,SYSTEM
87,End,2016-06-22 23:03:15.527,2016-06-22 23:03:15.527,SYSTEM
87,Notificacion estudiante cancelacion soli,2016-06-22 23:03:15.527,2016-06-22 23:03:15.527,SYSTEM
88,Start,2016-06-23 16:02:54.826,2016-06-23 16:02:54.826,SYSTEM
88,Traer informacion estudiante - banner,2016-06-23 16:02:54.826,2016-06-23 16:02:54.826,Role 1
88,Radicar Solicitud Homologacion,2016-06-23 16:02:54.826,2016-06-23 16:04:19.631,Role 1
88,Cancelar Solicitud,2016-06-23 16:04:19.631,2016-06-23 16:04:19.631,SYSTEM
88,End,2016-06-23 16:04:19.631,2016-06-23 16:04:19.631,SYSTEM
88,Notificacion estudiante cancelacion soli,2016-06-23 16:04:19.631,2016-06-23 16:04:19.631,SYSTEM
89,Start,2016-06-24 17:04:15.887,2016-06-24 17:04:15.887,SYSTEM
89,Traer informacion estudiante - banner,2016-06-24 17:04:15.887,2016-06-24 17:04:15.887,Role 1
89,Radicar Solicitud Homologacion,2016-06-24 17:04:15.887,2016-06-24 21:09:52.341,Role 1
89,Cancelar Solicitud,2016-06-24 21:09:52.341,2016-06-24 21:09:52.341,SYSTEM
89,End,2016-06-24 21:09:52.341,2016-06-24 21:09:52.341,SYSTEM
89,Notificacion estudiante cancelacion soli,2016-06-24 21:09:52.341,2016-06-24 21:09:52.341,SYSTEM
90,Start,2016-06-25 21:26:00.927,2016-06-25 21:26:00.927,SYSTEM
90,Traer informacion estudiante - banner,2016-06-25 21:26:00.927,2016-06-25 21:26:00.927,Role 1
91,Start,2016-06-26 00:54:25.935,2016-06-26 00:54:25.935,SYSTEM
92,Start,2016-06-27 22:16:54.946,2016-06-27 22:16:54.946,SYSTEM
93,Start,2016-06-27 23:03:25.423,2016-06-27 23:03:25.423,SYSTEM
94,Start,2016-06-28 15:42:34.979,2016-06-28 15:42:34.979,SYSTEM
91,Traer informacion estudiante - banner,2016-06-26 00:54:25.935,2016-06-28 18:00:00.0,Role 1
92,Traer informacion estudiante - banner,2016-06-27 22:16:54.946,2016-06-28 18:00:00.0,Role 1
93,Traer informacion estudiante - banner,2016-06-27 23:03:25.423,2016-06-28 18:00:00.0,Role 1
94,Traer informacion estudiante - banner,2016-06-28 15:42:34.979,2016-06-28 18:00:00.0,Role 1
94,Radicar Solicitud Homologacion,2016-06-28 18:00:00.0,2016-06-28 18:00:10.498,Role 1
94,Cancelar Solicitud,2016-06-28 18:00:10.498,2016-06-28 18:00:10.498,SYSTEM
94,End,2016-06-28 18:00:10.498,2016-06-28 18:00:10.498,SYSTEM
94,Notificacion estudiante cancelacion soli,2016-06-28 18:00:10.498,2016-06-28 18:00:10.498,SYSTEM
92,Radicar Solicitud Homologacion,2016-06-28 18:00:00.0,2016-06-28 18:00:34.718,Role 1
92,Cancelar Solicitud,2016-06-28 18:00:34.718,2016-06-28 18:00:34.718,SYSTEM
92,End,2016-06-28 18:00:34.718,2016-06-28 18:00:34.718,SYSTEM
92,Notificacion estudiante cancelacion soli,2016-06-28 18:00:34.718,2016-06-28 18:00:34.718,SYSTEM
93,Radicar Solicitud Homologacion,2016-06-28 18:00:00.0,2016-06-28 18:00:44.746,Role 1
93,Cancelar Solicitud,2016-06-28 18:00:44.746,2016-06-28 18:00:44.746,SYSTEM
93,End,2016-06-28 18:00:44.746,2016-06-28 18:00:44.746,SYSTEM
93,Notificacion estudiante cancelacion soli,2016-06-28 18:00:44.746,2016-06-28 18:00:44.746,SYSTEM
91,Radicar Solicitud Homologacion,2016-06-28 18:00:00.0,2016-06-28 18:05:16.167,Role 1
91,Cancelar Solicitud,2016-06-28 18:05:16.167,2016-06-28 18:05:16.167,SYSTEM
91,End,2016-06-28 18:05:16.167,2016-06-28 18:05:16.167,SYSTEM
91,Notificacion estudiante cancelacion soli,2016-06-28 18:05:16.167,2016-06-28 18:05:16.167,SYSTEM
90,Radicar Solicitud Homologacion,2016-06-25 21:26:00.927,2016-06-28 18:05:31.923,Role 1
90,Cancelar Solicitud,2016-06-28 18:05:31.923,2016-06-28 18:05:31.923,SYSTEM
90,End,2016-06-28 18:05:31.923,2016-06-28 18:05:31.923,SYSTEM
90,Notificacion estudiante cancelacion soli,2016-06-28 18:05:31.923,2016-06-28 18:05:31.923,SYSTEM
95,Start,2016-06-28 18:45:50.519,2016-06-28 18:45:50.519,SYSTEM
95,Traer informacion estudiante - banner,2016-06-28 18:45:50.519,2016-06-28 18:45:50.519,Role 1
95,Radicar Solicitud Homologacion,2016-06-28 18:45:50.519,2016-06-28 18:47:23.989,Role 1
95,Cancelar Solicitud,2016-06-28 18:47:23.989,2016-06-28 18:47:23.989,SYSTEM
95,End,2016-06-28 18:47:23.989,2016-06-28 18:47:23.989,SYSTEM
95,Notificacion estudiante cancelacion soli,2016-06-28 18:47:23.989,2016-06-28 18:47:23.989,SYSTEM
96,Start,2016-06-29 03:39:54.541,2016-06-29 03:39:54.541,SYSTEM
97,Start,2016-06-29 04:43:01.622,2016-06-29 04:43:01.622,SYSTEM
98,Start,2016-06-29 13:00:03.081,2016-06-29 13:00:03.081,SYSTEM
99,Start,2016-06-29 13:00:25.025,2016-06-29 13:00:25.025,SYSTEM
100,Start,2016-06-29 15:25:40.926,2016-06-29 15:25:40.926,SYSTEM
96,Traer informacion estudiante - banner,2016-06-29 03:39:54.541,2016-06-29 20:00:00.0,Role 1
97,Traer informacion estudiante - banner,2016-06-29 04:43:01.622,2016-06-29 20:00:00.0,Role 1
98,Traer informacion estudiante - banner,2016-06-29 13:00:03.081,2016-06-29 20:00:00.0,Role 1
99,Traer informacion estudiante - banner,2016-06-29 13:00:25.025,2016-06-29 20:00:00.0,Role 1
100,Traer informacion estudiante - banner,2016-06-29 15:25:40.926,2016-06-29 20:00:00.0,Role 1
99,Radicar Solicitud Homologacion,2016-06-29 20:00:00.0,2016-06-29 20:00:09.282,Role 1
99,Cancelar Solicitud,2016-06-29 20:00:09.282,2016-06-29 20:00:09.282,SYSTEM
99,End,2016-06-29 20:00:09.282,2016-06-29 20:00:09.282,SYSTEM
99,Notificacion estudiante cancelacion soli,2016-06-29 20:00:09.282,2016-06-29 20:00:09.282,SYSTEM
97,Radicar Solicitud Homologacion,2016-06-29 20:00:00.0,2016-06-29 20:01:07.201,Role 1
97,Cancelar Solicitud,2016-06-29 20:01:07.201,2016-06-29 20:01:07.201,SYSTEM
97,End,2016-06-29 20:01:07.201,2016-06-29 20:01:07.201,SYSTEM
97,Notificacion estudiante cancelacion soli,2016-06-29 20:01:07.201,2016-06-29 20:01:07.201,SYSTEM
96,Radicar Solicitud Homologacion,2016-06-29 20:00:00.0,2016-06-29 20:01:14.792,Role 1
96,Cancelar Solicitud,2016-06-29 20:01:14.792,2016-06-29 20:01:14.792,SYSTEM
96,End,2016-06-29 20:01:14.792,2016-06-29 20:01:14.792,SYSTEM
96,Notificacion estudiante cancelacion soli,2016-06-29 20:01:14.792,2016-06-29 20:01:14.792,SYSTEM
98,Radicar Solicitud Homologacion,2016-06-29 20:00:00.0,2016-06-29 20:02:25.566,Role 1
98,Cancelar Solicitud,2016-06-29 20:02:25.566,2016-06-29 20:02:25.566,SYSTEM
98,End,2016-06-29 20:02:25.566,2016-06-29 20:02:25.566,SYSTEM
98,Notificacion estudiante cancelacion soli,2016-06-29 20:02:25.566,2016-06-29 20:02:25.566,SYSTEM
100,Radicar Solicitud Homologacion,2016-06-29 20:00:00.0,2016-06-29 20:04:34.098,Role 1
100,Cancelar Solicitud,2016-06-29 20:04:34.098,2016-06-29 20:04:34.098,SYSTEM
100,End,2016-06-29 20:04:34.098,2016-06-29 20:04:34.098,SYSTEM
100,Notificacion estudiante cancelacion soli,2016-06-29 20:04:34.098,2016-06-29 20:04:34.098,SYSTEM
101,Start,2016-06-30 19:22:20.251,2016-06-30 19:22:20.251,SYSTEM
101,Traer informacion estudiante - banner,2016-06-30 19:22:20.251,2016-06-30 19:22:20.251,Role 1
101,Radicar Solicitud Homologacion,2016-06-30 19:22:20.251,2016-06-30 19:30:57.339,Role 1
101,Cancelar Solicitud,2016-06-30 19:30:57.339,2016-06-30 19:30:57.339,SYSTEM
101,End,2016-06-30 19:30:57.339,2016-06-30 19:30:57.339,SYSTEM
101,Notificacion estudiante cancelacion soli,2016-06-30 19:30:57.339,2016-06-30 19:30:57.339,SYSTEM
102,Start,2016-06-30 21:58:32.933,2016-06-30 21:58:32.933,SYSTEM
102,Traer informacion estudiante - banner,2016-06-30 21:58:32.933,2016-06-30 21:58:32.933,Role 1
102,Radicar Solicitud Homologacion,2016-06-30 21:58:32.933,2016-06-30 21:58:46.748,Role 1
102,Cancelar Solicitud,2016-06-30 21:58:46.748,2016-06-30 21:58:46.748,SYSTEM
102,End,2016-06-30 21:58:46.748,2016-06-30 21:58:46.748,SYSTEM
102,Notificacion estudiante cancelacion soli,2016-06-30 21:58:46.748,2016-06-30 21:58:46.748,SYSTEM
103,Start,2016-07-01 12:28:28.261,2016-07-01 12:28:28.261,SYSTEM
103,Traer informacion estudiante - banner,2016-07-01 12:28:28.261,2016-07-01 12:28:28.261,Role 1
103,Radicar Solicitud Homologacion,2016-07-01 12:28:28.261,2016-07-01 16:01:31.697,Role 1
103,Cancelar Solicitud,2016-07-01 16:01:31.697,2016-07-01 16:01:31.697,SYSTEM
103,End,2016-07-01 16:01:31.697,2016-07-01 16:01:31.697,SYSTEM
103,Notificacion estudiante cancelacion soli,2016-07-01 16:01:31.697,2016-07-01 16:01:31.697,SYSTEM
104,Start,2016-07-01 22:46:04.639,2016-07-01 22:46:04.639,SYSTEM
104,Traer informacion estudiante - banner,2016-07-01 22:46:04.639,2016-07-02 00:00:00.0,Role 1
104,Radicar Solicitud Homologacion,2016-07-02 00:00:00.0,2016-07-02 00:00:52.466,Role 1
104,Cancelar Solicitud,2016-07-02 00:00:52.466,2016-07-02 00:00:52.466,SYSTEM
104,End,2016-07-02 00:00:52.466,2016-07-02 00:00:52.466,SYSTEM
104,Notificacion estudiante cancelacion soli,2016-07-02 00:00:52.466,2016-07-02 00:00:52.466,SYSTEM
105,Start,2016-07-02 20:14:09.636,2016-07-02 20:14:09.636,SYSTEM
106,Start,2016-07-03 23:26:45.943,2016-07-03 23:26:45.943,SYSTEM
107,Start,2016-07-04 19:44:45.162,2016-07-04 19:44:45.162,SYSTEM
105,Traer informacion estudiante - banner,2016-07-02 20:14:09.636,2016-07-05 18:00:00.0,Role 1
106,Traer informacion estudiante - banner,2016-07-03 23:26:45.943,2016-07-05 18:00:00.0,Role 1
107,Traer informacion estudiante - banner,2016-07-04 19:44:45.162,2016-07-05 18:00:00.0,Role 1
107,Radicar Solicitud Homologacion,2016-07-05 18:00:00.0,2016-07-05 18:00:29.89,Role 1
107,Cancelar Solicitud,2016-07-05 18:00:29.89,2016-07-05 18:00:29.89,SYSTEM
107,End,2016-07-05 18:00:29.89,2016-07-05 18:00:29.89,SYSTEM
107,Notificacion estudiante cancelacion soli,2016-07-05 18:00:29.89,2016-07-05 18:00:29.89,SYSTEM
105,Radicar Solicitud Homologacion,2016-07-05 18:00:00.0,2016-07-05 18:03:20.108,Role 1
105,Cancelar Solicitud,2016-07-05 18:03:20.108,2016-07-05 18:03:20.108,SYSTEM
105,End,2016-07-05 18:03:20.108,2016-07-05 18:03:20.108,SYSTEM
105,Notificacion estudiante cancelacion soli,2016-07-05 18:03:20.108,2016-07-05 18:03:20.108,SYSTEM
106,Radicar Solicitud Homologacion,2016-07-05 18:00:00.0,2016-07-05 18:07:19.903,Role 1
106,Cancelar Solicitud,2016-07-05 18:07:19.903,2016-07-05 18:07:19.903,SYSTEM
106,End,2016-07-05 18:07:19.903,2016-07-05 18:07:19.903,SYSTEM
106,Notificacion estudiante cancelacion soli,2016-07-05 18:07:19.903,2016-07-05 18:07:19.903,SYSTEM
108,Start,2016-07-05 19:04:24.1,2016-07-05 19:04:24.1,SYSTEM
108,Traer informacion estudiante - banner,2016-07-05 19:04:24.1,2016-07-05 19:04:24.1,Role 1
108,Radicar Solicitud Homologacion,2016-07-05 19:04:24.1,2016-07-05 19:07:35.464,Role 1
108,Cancelar Solicitud,2016-07-05 19:07:35.464,2016-07-05 19:07:35.464,SYSTEM
108,End,2016-07-05 19:07:35.464,2016-07-05 19:07:35.464,SYSTEM
108,Notificacion estudiante cancelacion soli,2016-07-05 19:07:35.464,2016-07-05 19:07:35.464,SYSTEM
109,Start,2016-07-05 19:30:55.554,2016-07-05 19:30:55.554,SYSTEM
109,Traer informacion estudiante - banner,2016-07-05 19:30:55.554,2016-07-05 19:30:55.554,Role 1
109,Radicar Solicitud Homologacion,2016-07-05 19:30:55.554,2016-07-05 19:34:16.626,Role 1
109,Cancelar Solicitud,2016-07-05 19:34:16.626,2016-07-05 19:34:16.626,SYSTEM
109,End,2016-07-05 19:34:16.626,2016-07-05 19:34:16.626,SYSTEM
109,Notificacion estudiante cancelacion soli,2016-07-05 19:34:16.626,2016-07-05 19:34:16.626,SYSTEM
110,Start,2016-07-06 03:53:17.923,2016-07-06 03:53:17.923,SYSTEM
111,Start,2016-07-06 13:55:50.122,2016-07-06 13:55:50.122,SYSTEM
110,Traer informacion estudiante - banner,2016-07-06 03:53:17.923,2016-07-06 20:00:00.0,Role 1
111,Traer informacion estudiante - banner,2016-07-06 13:55:50.122,2016-07-06 20:00:00.0,Role 1
110,Radicar Solicitud Homologacion,2016-07-06 20:00:00.0,2016-07-06 20:01:21.83,Role 1
110,Cancelar Solicitud,2016-07-06 20:01:21.83,2016-07-06 20:01:21.83,SYSTEM
110,End,2016-07-06 20:01:21.83,2016-07-06 20:01:21.83,SYSTEM
110,Notificacion estudiante cancelacion soli,2016-07-06 20:01:21.83,2016-07-06 20:01:21.83,SYSTEM
111,Radicar Solicitud Homologacion,2016-07-06 20:00:00.0,2016-07-06 20:04:42.253,Role 1
111,Cancelar Solicitud,2016-07-06 20:04:42.253,2016-07-06 20:04:42.253,SYSTEM
111,End,2016-07-06 20:04:42.253,2016-07-06 20:04:42.253,SYSTEM
111,Notificacion estudiante cancelacion soli,2016-07-06 20:04:42.253,2016-07-06 20:04:42.253,SYSTEM
112,Start,2016-07-07 00:53:24.032,2016-07-07 00:53:24.032,SYSTEM
112,Traer informacion estudiante - banner,2016-07-07 00:53:24.032,2016-07-07 00:53:24.032,Role 1
113,Start,2016-07-07 02:25:09.856,2016-07-07 02:25:09.856,SYSTEM
113,Traer informacion estudiante - banner,2016-07-07 02:25:09.856,2016-07-07 16:00:00.0,Role 1
113,Radicar Solicitud Homologacion,2016-07-07 16:00:00.0,2016-07-07 16:00:28.518,Role 1
113,Cancelar Solicitud,2016-07-07 16:00:28.518,2016-07-07 16:00:28.518,SYSTEM
113,End,2016-07-07 16:00:28.518,2016-07-07 16:00:28.518,SYSTEM
113,Notificacion estudiante cancelacion soli,2016-07-07 16:00:28.518,2016-07-07 16:00:28.518,SYSTEM
112,Radicar Solicitud Homologacion,2016-07-07 00:53:24.032,2016-07-07 16:00:50.439,Role 1
112,Cancelar Solicitud,2016-07-07 16:00:50.439,2016-07-07 16:00:50.439,SYSTEM
112,End,2016-07-07 16:00:50.439,2016-07-07 16:00:50.439,SYSTEM
112,Notificacion estudiante cancelacion soli,2016-07-07 16:00:50.439,2016-07-07 16:00:50.439,SYSTEM
114,Start,2016-07-08 17:41:58.339,2016-07-08 17:41:58.339,SYSTEM
114,Traer informacion estudiante - banner,2016-07-08 17:41:58.339,2016-07-08 17:41:58.339,Role 1
114,Radicar Solicitud Homologacion,2016-07-08 17:41:58.339,2016-07-08 21:06:49.41,Role 1
114,Cancelar Solicitud,2016-07-08 21:06:49.41,2016-07-08 21:06:49.41,SYSTEM
114,End,2016-07-08 21:06:49.41,2016-07-08 21:06:49.41,SYSTEM
114,Notificacion estudiante cancelacion soli,2016-07-08 21:06:49.41,2016-07-08 21:06:49.41,SYSTEM
115,Start,2016-07-09 00:05:59.994,2016-07-09 00:05:59.994,SYSTEM
115,Traer informacion estudiante - banner,2016-07-09 00:05:59.994,2016-07-09 00:05:59.994,Role 1
115,Radicar Solicitud Homologacion,2016-07-09 00:05:59.994,2016-07-09 00:06:44.163,Role 1
115,Cancelar Solicitud,2016-07-09 00:06:44.163,2016-07-09 00:06:44.163,SYSTEM
115,End,2016-07-09 00:06:44.163,2016-07-09 00:06:44.163,SYSTEM
115,Notificacion estudiante cancelacion soli,2016-07-09 00:06:44.163,2016-07-09 00:06:44.163,SYSTEM
116,Start,2016-07-09 14:19:37.427,2016-07-09 14:19:37.427,SYSTEM
117,Start,2016-07-11 00:23:15.656,2016-07-11 00:23:15.656,SYSTEM
118,Start,2016-07-12 14:01:28.453,2016-07-12 14:01:28.453,SYSTEM
116,Traer informacion estudiante - banner,2016-07-09 14:19:37.427,2016-07-12 18:00:00.0,Role 1
117,Traer informacion estudiante - banner,2016-07-11 00:23:15.656,2016-07-12 18:00:00.0,Role 1
118,Traer informacion estudiante - banner,2016-07-12 14:01:28.453,2016-07-12 18:00:00.0,Role 1
118,Radicar Solicitud Homologacion,2016-07-12 18:00:00.0,2016-07-12 18:00:36.365,Role 1
118,Cancelar Solicitud,2016-07-12 18:00:36.365,2016-07-12 18:00:36.365,SYSTEM
118,End,2016-07-12 18:00:36.365,2016-07-12 18:00:36.365,SYSTEM
118,Notificacion estudiante cancelacion soli,2016-07-12 18:00:36.365,2016-07-12 18:00:36.365,SYSTEM
117,Radicar Solicitud Homologacion,2016-07-12 18:00:00.0,2016-07-12 18:00:55.646,Role 1
117,Cancelar Solicitud,2016-07-12 18:00:55.646,2016-07-12 18:00:55.646,SYSTEM
117,End,2016-07-12 18:00:55.646,2016-07-12 18:00:55.646,SYSTEM
117,Notificacion estudiante cancelacion soli,2016-07-12 18:00:55.646,2016-07-12 18:00:55.646,SYSTEM
116,Radicar Solicitud Homologacion,2016-07-12 18:00:00.0,2016-07-12 18:01:09.417,Role 1
116,Cancelar Solicitud,2016-07-12 18:01:09.417,2016-07-12 18:01:09.417,SYSTEM
116,End,2016-07-12 18:01:09.417,2016-07-12 18:01:09.417,SYSTEM
116,Notificacion estudiante cancelacion soli,2016-07-12 18:01:09.417,2016-07-12 18:01:09.417,SYSTEM
119,Start,2016-07-12 20:35:47.246,2016-07-12 20:35:47.246,SYSTEM
119,Traer informacion estudiante - banner,2016-07-12 20:35:47.246,2016-07-12 21:00:00.0,Role 1
119,Radicar Solicitud Homologacion,2016-07-12 21:00:00.0,2016-07-12 21:04:08.89,Role 1
119,Cancelar Solicitud,2016-07-12 21:04:08.89,2016-07-12 21:04:08.89,SYSTEM
119,End,2016-07-12 21:04:08.89,2016-07-12 21:04:08.89,SYSTEM
119,Notificacion estudiante cancelacion soli,2016-07-12 21:04:08.89,2016-07-12 21:04:08.89,SYSTEM
120,Start,2016-07-12 22:43:19.525,2016-07-12 22:43:19.525,SYSTEM
121,Start,2016-07-13 01:13:45.024,2016-07-13 01:13:45.024,SYSTEM
122,Start,2016-07-13 04:19:30.036,2016-07-13 04:19:30.036,SYSTEM
123,Start,2016-07-13 15:27:47.442,2016-07-13 15:27:47.442,SYSTEM
120,Traer informacion estudiante - banner,2016-07-12 22:43:19.525,2016-07-13 20:00:00.0,Role 1
121,Traer informacion estudiante - banner,2016-07-13 01:13:45.024,2016-07-13 20:00:00.0,Role 1
122,Traer informacion estudiante - banner,2016-07-13 04:19:30.036,2016-07-13 20:00:00.0,Role 1
123,Traer informacion estudiante - banner,2016-07-13 15:27:47.442,2016-07-13 20:00:00.0,Role 1
121,Radicar Solicitud Homologacion,2016-07-13 20:00:00.0,2016-07-13 20:00:03.569,Role 1
121,Cancelar Solicitud,2016-07-13 20:00:03.569,2016-07-13 20:00:03.569,SYSTEM
121,End,2016-07-13 20:00:03.569,2016-07-13 20:00:03.569,SYSTEM
121,Notificacion estudiante cancelacion soli,2016-07-13 20:00:03.569,2016-07-13 20:00:03.569,SYSTEM
123,Radicar Solicitud Homologacion,2016-07-13 20:00:00.0,2016-07-13 20:01:03.262,Role 1
123,Cancelar Solicitud,2016-07-13 20:01:03.262,2016-07-13 20:01:03.262,SYSTEM
123,End,2016-07-13 20:01:03.262,2016-07-13 20:01:03.262,SYSTEM
123,Notificacion estudiante cancelacion soli,2016-07-13 20:01:03.262,2016-07-13 20:01:03.262,SYSTEM
120,Radicar Solicitud Homologacion,2016-07-13 20:00:00.0,2016-07-13 20:02:04.951,Role 1
120,Cancelar Solicitud,2016-07-13 20:02:04.951,2016-07-13 20:02:04.951,SYSTEM
120,End,2016-07-13 20:02:04.951,2016-07-13 20:02:04.951,SYSTEM
120,Notificacion estudiante cancelacion soli,2016-07-13 20:02:04.951,2016-07-13 20:02:04.951,SYSTEM
122,Radicar Solicitud Homologacion,2016-07-13 20:00:00.0,2016-07-13 20:02:06.51,Role 1
122,Cancelar Solicitud,2016-07-13 20:02:06.51,2016-07-13 20:02:06.51,SYSTEM
122,End,2016-07-13 20:02:06.51,2016-07-13 20:02:06.51,SYSTEM
122,Notificacion estudiante cancelacion soli,2016-07-13 20:02:06.51,2016-07-13 20:02:06.51,SYSTEM
124,Start,2016-07-13 21:57:58.683,2016-07-13 21:57:58.683,SYSTEM
124,Traer informacion estudiante - banner,2016-07-13 21:57:58.683,2016-07-13 21:57:58.683,Role 1
124,Radicar Solicitud Homologacion,2016-07-13 21:57:58.683,2016-07-13 21:58:36.053,Role 1
124,Cancelar Solicitud,2016-07-13 21:58:36.053,2016-07-13 21:58:36.053,SYSTEM
124,End,2016-07-13 21:58:36.053,2016-07-13 21:58:36.053,SYSTEM
124,Notificacion estudiante cancelacion soli,2016-07-13 21:58:36.053,2016-07-13 21:58:36.053,SYSTEM
125,Start,2016-07-14 00:25:43.306,2016-07-14 00:25:43.306,SYSTEM
125,Traer informacion estudiante - banner,2016-07-14 00:25:43.306,2016-07-14 00:25:43.306,Role 1
125,Radicar Solicitud Homologacion,2016-07-14 00:25:43.306,2016-07-14 00:27:59.459,Role 1
125,Cancelar Solicitud,2016-07-14 00:27:59.459,2016-07-14 00:27:59.459,SYSTEM
125,End,2016-07-14 00:27:59.459,2016-07-14 00:27:59.459,SYSTEM
125,Notificacion estudiante cancelacion soli,2016-07-14 00:27:59.459,2016-07-14 00:27:59.459,SYSTEM
126,Start,2016-07-14 16:23:15.224,2016-07-14 16:23:15.224,SYSTEM
126,Traer informacion estudiante - banner,2016-07-14 16:23:15.224,2016-07-14 16:23:15.224,Role 1
126,Radicar Solicitud Homologacion,2016-07-14 16:23:15.224,2016-07-14 16:27:00.337,Role 1
126,Cancelar Solicitud,2016-07-14 16:27:00.337,2016-07-14 16:27:00.337,SYSTEM
126,End,2016-07-14 16:27:00.337,2016-07-14 16:27:00.337,SYSTEM
126,Notificacion estudiante cancelacion soli,2016-07-14 16:27:00.337,2016-07-14 16:27:00.337,SYSTEM
127,Start,2016-07-14 18:50:52.543,2016-07-14 18:50:52.543,SYSTEM
127,Traer informacion estudiante - banner,2016-07-14 18:50:52.543,2016-07-14 18:50:52.543,Role 1
127,Radicar Solicitud Homologacion,2016-07-14 18:50:52.543,2016-07-14 18:58:23.163,Role 1
127,Cancelar Solicitud,2016-07-14 18:58:23.163,2016-07-14 18:58:23.163,SYSTEM
127,End,2016-07-14 18:58:23.163,2016-07-14 18:58:23.163,SYSTEM
127,Notificacion estudiante cancelacion soli,2016-07-14 18:58:23.163,2016-07-14 18:58:23.163,SYSTEM
128,Start,2016-07-14 21:55:27.171,2016-07-14 21:55:27.171,SYSTEM
128,Traer informacion estudiante - banner,2016-07-14 21:55:27.171,2016-07-14 21:55:27.171,Role 1
128,Radicar Solicitud Homologacion,2016-07-14 21:55:27.171,2016-07-14 21:58:52.238,Role 1
128,Cancelar Solicitud,2016-07-14 21:58:52.238,2016-07-14 21:58:52.238,SYSTEM
128,End,2016-07-14 21:58:52.238,2016-07-14 21:58:52.238,SYSTEM
128,Notificacion estudiante cancelacion soli,2016-07-14 21:58:52.238,2016-07-14 21:58:52.238,SYSTEM
129,Start,2016-07-15 19:25:48.062,2016-07-15 19:25:48.062,SYSTEM
129,Traer informacion estudiante - banner,2016-07-15 19:25:48.062,2016-07-15 19:25:48.062,Role 1
130,Start,2016-07-15 20:57:30.742,2016-07-15 20:57:30.742,SYSTEM
130,Traer informacion estudiante - banner,2016-07-15 20:57:30.742,2016-07-15 21:00:00.0,Role 1
130,Radicar Solicitud Homologacion,2016-07-15 21:00:00.0,2016-07-15 21:00:21.044,Role 1
130,Cancelar Solicitud,2016-07-15 21:00:21.044,2016-07-15 21:00:21.044,SYSTEM
130,End,2016-07-15 21:00:21.044,2016-07-15 21:00:21.044,SYSTEM
130,Notificacion estudiante cancelacion soli,2016-07-15 21:00:21.044,2016-07-15 21:00:21.044,SYSTEM
129,Radicar Solicitud Homologacion,2016-07-15 19:25:48.062,2016-07-15 21:00:37.796,Role 1
129,Cancelar Solicitud,2016-07-15 21:00:37.796,2016-07-15 21:00:37.796,SYSTEM
129,End,2016-07-15 21:00:37.796,2016-07-15 21:00:37.796,SYSTEM
129,Notificacion estudiante cancelacion soli,2016-07-15 21:00:37.796,2016-07-15 21:00:37.796,SYSTEM
131,Start,2016-07-19 04:06:33.694,2016-07-19 04:06:33.694,SYSTEM
131,Traer informacion estudiante - banner,2016-07-19 04:06:33.694,2016-07-19 04:06:33.694,Role 1
132,Start,2016-07-19 14:17:55.945,2016-07-19 14:17:55.945,SYSTEM
132,Traer informacion estudiante - banner,2016-07-19 14:17:55.945,2016-07-19 18:00:00.0,Role 1
131,Radicar Solicitud Homologacion,2016-07-19 04:06:33.694,2016-07-19 18:02:52.177,Role 1
131,Cancelar Solicitud,2016-07-19 18:02:52.177,2016-07-19 18:02:52.177,SYSTEM
131,End,2016-07-19 18:02:52.177,2016-07-19 18:02:52.177,SYSTEM
131,Notificacion estudiante cancelacion soli,2016-07-19 18:02:52.177,2016-07-19 18:02:52.177,SYSTEM
132,Radicar Solicitud Homologacion,2016-07-19 18:00:00.0,2016-07-19 18:05:39.0,Role 1
132,Cancelar Solicitud,2016-07-19 18:05:39.0,2016-07-19 18:05:39.0,SYSTEM
132,End,2016-07-19 18:05:39.0,2016-07-19 18:05:39.0,SYSTEM
132,Notificacion estudiante cancelacion soli,2016-07-19 18:05:39.0,2016-07-19 18:05:39.0,SYSTEM
133,Start,2016-07-20 22:53:55.393,2016-07-20 22:53:55.393,SYSTEM
133,Traer informacion estudiante - banner,2016-07-20 22:53:55.393,2016-07-20 22:53:55.393,Role 1
133,Radicar Solicitud Homologacion,2016-07-20 22:53:55.393,2016-07-20 22:56:37.581,Role 1
133,Cancelar Solicitud,2016-07-20 22:56:37.581,2016-07-20 22:56:37.581,SYSTEM
133,End,2016-07-20 22:56:37.581,2016-07-20 22:56:37.581,SYSTEM
133,Notificacion estudiante cancelacion soli,2016-07-20 22:56:37.581,2016-07-20 22:56:37.581,SYSTEM
134,Start,2016-07-21 19:43:13.005,2016-07-21 19:43:13.005,SYSTEM
134,Traer informacion estudiante - banner,2016-07-21 19:43:13.005,2016-07-21 19:43:13.005,Role 1
134,Radicar Solicitud Homologacion,2016-07-21 19:43:13.005,2016-07-21 19:44:10.224,Role 1
134,Cancelar Solicitud,2016-07-21 19:44:10.224,2016-07-21 19:44:10.224,SYSTEM
134,End,2016-07-21 19:44:10.224,2016-07-21 19:44:10.224,SYSTEM
134,Notificacion estudiante cancelacion soli,2016-07-21 19:44:10.224,2016-07-21 19:44:10.224,SYSTEM
135,Start,2016-07-21 22:32:46.1,2016-07-21 22:32:46.1,SYSTEM
135,Traer informacion estudiante - banner,2016-07-21 22:32:46.1,2016-07-21 22:32:46.1,Role 1
135,Radicar Solicitud Homologacion,2016-07-21 22:32:46.1,2016-07-21 22:33:10.944,Role 1
135,Cancelar Solicitud,2016-07-21 22:33:10.944,2016-07-21 22:33:10.944,SYSTEM
135,End,2016-07-21 22:33:10.944,2016-07-21 22:33:10.944,SYSTEM
135,Notificacion estudiante cancelacion soli,2016-07-21 22:33:10.944,2016-07-21 22:33:10.944,SYSTEM
136,Start,2016-07-22 23:30:43.662,2016-07-22 23:30:43.662,SYSTEM
136,Traer informacion estudiante - banner,2016-07-22 23:30:43.662,2016-07-22 23:30:43.662,Role 1
136,Radicar Solicitud Homologacion,2016-07-22 23:30:43.662,2016-07-23 00:07:31.727,Role 1
136,Cancelar Solicitud,2016-07-23 00:07:31.727,2016-07-23 00:07:31.727,SYSTEM
136,End,2016-07-23 00:07:31.727,2016-07-23 00:07:31.727,SYSTEM
136,Notificacion estudiante cancelacion soli,2016-07-23 00:07:31.727,2016-07-23 00:07:31.727,SYSTEM
137,Start,2016-07-23 02:10:31.901,2016-07-23 02:10:31.901,SYSTEM
138,Start,2016-07-23 23:48:04.348,2016-07-23 23:48:04.348,SYSTEM
139,Start,2016-07-24 01:35:43.087,2016-07-24 01:35:43.087,SYSTEM
140,Start,2016-07-25 15:22:43.324,2016-07-25 15:22:43.324,SYSTEM
141,Start,2016-07-26 16:33:14.607,2016-07-26 16:33:14.607,SYSTEM
137,Traer informacion estudiante - banner,2016-07-23 02:10:31.901,2016-07-26 18:00:00.0,Role 1
138,Traer informacion estudiante - banner,2016-07-23 23:48:04.348,2016-07-26 18:00:00.0,Role 1
139,Traer informacion estudiante - banner,2016-07-24 01:35:43.087,2016-07-26 18:00:00.0,Role 1
140,Traer informacion estudiante - banner,2016-07-25 15:22:43.324,2016-07-26 18:00:00.0,Role 1
141,Traer informacion estudiante - banner,2016-07-26 16:33:14.607,2016-07-26 18:00:00.0,Role 1
139,Radicar Solicitud Homologacion,2016-07-26 18:00:00.0,2016-07-26 18:01:26.866,Role 1
139,Cancelar Solicitud,2016-07-26 18:01:26.866,2016-07-26 18:01:26.866,SYSTEM
139,End,2016-07-26 18:01:26.866,2016-07-26 18:01:26.866,SYSTEM
139,Notificacion estudiante cancelacion soli,2016-07-26 18:01:26.866,2016-07-26 18:01:26.866,SYSTEM
138,Radicar Solicitud Homologacion,2016-07-26 18:00:00.0,2016-07-26 18:03:14.17,Role 1
138,Cancelar Solicitud,2016-07-26 18:03:14.17,2016-07-26 18:03:14.17,SYSTEM
138,End,2016-07-26 18:03:14.17,2016-07-26 18:03:14.17,SYSTEM
138,Notificacion estudiante cancelacion soli,2016-07-26 18:03:14.17,2016-07-26 18:03:14.17,SYSTEM
140,Radicar Solicitud Homologacion,2016-07-26 18:00:00.0,2016-07-26 18:03:15.349,Role 1
140,Cancelar Solicitud,2016-07-26 18:03:15.349,2016-07-26 18:03:15.349,SYSTEM
140,End,2016-07-26 18:03:15.349,2016-07-26 18:03:15.349,SYSTEM
140,Notificacion estudiante cancelacion soli,2016-07-26 18:03:15.349,2016-07-26 18:03:15.349,SYSTEM
141,Radicar Solicitud Homologacion,2016-07-26 18:00:00.0,2016-07-26 18:06:54.582,Role 1
141,Cancelar Solicitud,2016-07-26 18:06:54.582,2016-07-26 18:06:54.582,SYSTEM
141,End,2016-07-26 18:06:54.582,2016-07-26 18:06:54.582,SYSTEM
141,Notificacion estudiante cancelacion soli,2016-07-26 18:06:54.582,2016-07-26 18:06:54.582,SYSTEM
137,Radicar Solicitud Homologacion,2016-07-26 18:00:00.0,2016-07-26 18:07:55.542,Role 1
137,Cancelar Solicitud,2016-07-26 18:07:55.542,2016-07-26 18:07:55.542,SYSTEM
137,End,2016-07-26 18:07:55.542,2016-07-26 18:07:55.542,SYSTEM
137,Notificacion estudiante cancelacion soli,2016-07-26 18:07:55.542,2016-07-26 18:07:55.542,SYSTEM
142,Start,2016-07-27 00:22:29.569,2016-07-27 00:22:29.569,SYSTEM
142,Traer informacion estudiante - banner,2016-07-27 00:22:29.569,2016-07-27 20:00:00.0,Role 1
142,Radicar Solicitud Homologacion,2016-07-27 20:00:00.0,2016-07-27 20:04:29.143,Role 1
142,Cancelar Solicitud,2016-07-27 20:04:29.143,2016-07-27 20:04:29.143,SYSTEM
142,End,2016-07-27 20:04:29.143,2016-07-27 20:04:29.143,SYSTEM
142,Notificacion estudiante cancelacion soli,2016-07-27 20:04:29.143,2016-07-27 20:04:29.143,SYSTEM
143,Start,2016-07-28 18:37:52.387,2016-07-28 18:37:52.387,SYSTEM
143,Traer informacion estudiante - banner,2016-07-28 18:37:52.387,2016-07-28 18:37:52.387,Role 1
143,Radicar Solicitud Homologacion,2016-07-28 18:37:52.387,2016-07-28 18:37:59.337,Role 1
143,Cancelar Solicitud,2016-07-28 18:37:59.337,2016-07-28 18:37:59.337,SYSTEM
143,End,2016-07-28 18:37:59.337,2016-07-28 18:37:59.337,SYSTEM
143,Notificacion estudiante cancelacion soli,2016-07-28 18:37:59.337,2016-07-28 18:37:59.337,SYSTEM
144,Start,2016-07-28 23:03:42.842,2016-07-28 23:03:42.842,SYSTEM
144,Traer informacion estudiante - banner,2016-07-28 23:03:42.842,2016-07-29 00:00:00.0,Role 1
144,Radicar Solicitud Homologacion,2016-07-29 00:00:00.0,2016-07-29 00:00:28.879,Role 1
144,Cancelar Solicitud,2016-07-29 00:00:28.879,2016-07-29 00:00:28.879,SYSTEM
144,End,2016-07-29 00:00:28.879,2016-07-29 00:00:28.879,SYSTEM
144,Notificacion estudiante cancelacion soli,2016-07-29 00:00:28.879,2016-07-29 00:00:28.879,SYSTEM
145,Start,2016-07-29 00:16:13.387,2016-07-29 00:16:13.387,SYSTEM
145,Traer informacion estudiante - banner,2016-07-29 00:16:13.387,2016-07-29 00:16:13.387,Role 1
145,Radicar Solicitud Homologacion,2016-07-29 00:16:13.387,2016-07-29 00:31:27.241,Role 1
145,Cancelar Solicitud,2016-07-29 00:31:27.241,2016-07-29 00:31:27.241,SYSTEM
145,End,2016-07-29 00:31:27.241,2016-07-29 00:31:27.241,SYSTEM
145,Notificacion estudiante cancelacion soli,2016-07-29 00:31:27.241,2016-07-29 00:31:27.241,SYSTEM
146,Start,2016-07-29 03:49:52.681,2016-07-29 03:49:52.681,SYSTEM
147,Start,2016-07-29 14:33:19.008,2016-07-29 14:33:19.008,SYSTEM
148,Start,2016-07-29 15:12:37.175,2016-07-29 15:12:37.175,SYSTEM
146,Traer informacion estudiante - banner,2016-07-29 03:49:52.681,2016-07-29 16:00:00.0,Role 1
147,Traer informacion estudiante - banner,2016-07-29 14:33:19.008,2016-07-29 16:00:00.0,Role 1
148,Traer informacion estudiante - banner,2016-07-29 15:12:37.175,2016-07-29 16:00:00.0,Role 1
147,Radicar Solicitud Homologacion,2016-07-29 16:00:00.0,2016-07-29 16:00:17.991,Role 1
147,Cancelar Solicitud,2016-07-29 16:00:17.991,2016-07-29 16:00:17.991,SYSTEM
147,End,2016-07-29 16:00:17.991,2016-07-29 16:00:17.991,SYSTEM
147,Notificacion estudiante cancelacion soli,2016-07-29 16:00:17.991,2016-07-29 16:00:17.991,SYSTEM
148,Radicar Solicitud Homologacion,2016-07-29 16:00:00.0,2016-07-29 16:03:58.68,Role 1
148,Cancelar Solicitud,2016-07-29 16:03:58.68,2016-07-29 16:03:58.68,SYSTEM
148,End,2016-07-29 16:03:58.68,2016-07-29 16:03:58.68,SYSTEM
148,Notificacion estudiante cancelacion soli,2016-07-29 16:03:58.68,2016-07-29 16:03:58.68,SYSTEM
146,Radicar Solicitud Homologacion,2016-07-29 16:00:00.0,2016-07-29 16:05:30.165,Role 1
146,Cancelar Solicitud,2016-07-29 16:05:30.165,2016-07-29 16:05:30.165,SYSTEM
146,End,2016-07-29 16:05:30.165,2016-07-29 16:05:30.165,SYSTEM
146,Notificacion estudiante cancelacion soli,2016-07-29 16:05:30.165,2016-07-29 16:05:30.165,SYSTEM
149,Start,2016-07-29 19:42:38.741,2016-07-29 19:42:38.741,SYSTEM
149,Traer informacion estudiante - banner,2016-07-29 19:42:38.741,2016-07-29 21:00:00.0,Role 1
149,Radicar Solicitud Homologacion,2016-07-29 21:00:00.0,2016-07-29 21:08:39.313,Role 1
149,Cancelar Solicitud,2016-07-29 21:08:39.313,2016-07-29 21:08:39.313,SYSTEM
149,End,2016-07-29 21:08:39.313,2016-07-29 21:08:39.313,SYSTEM
149,Notificacion estudiante cancelacion soli,2016-07-29 21:08:39.313,2016-07-29 21:08:39.313,SYSTEM
150,Start,2016-08-01 19:06:18.948,2016-08-01 19:06:18.948,SYSTEM
150,Traer informacion estudiante - banner,2016-08-01 19:06:18.948,2016-08-01 19:06:18.948,Role 1
151,Start,2016-08-02 14:44:58.017,2016-08-02 14:44:58.017,SYSTEM
151,Traer informacion estudiante - banner,2016-08-02 14:44:58.017,2016-08-02 18:00:00.0,Role 1
151,Radicar Solicitud Homologacion,2016-08-02 18:00:00.0,2016-08-02 18:02:25.402,Role 1
151,Cancelar Solicitud,2016-08-02 18:02:25.402,2016-08-02 18:02:25.402,SYSTEM
151,End,2016-08-02 18:02:25.402,2016-08-02 18:02:25.402,SYSTEM
151,Notificacion estudiante cancelacion soli,2016-08-02 18:02:25.402,2016-08-02 18:02:25.402,SYSTEM
150,Radicar Solicitud Homologacion,2016-08-01 19:06:18.948,2016-08-02 18:03:48.671,Role 1
150,Cancelar Solicitud,2016-08-02 18:03:48.671,2016-08-02 18:03:48.671,SYSTEM
150,End,2016-08-02 18:03:48.671,2016-08-02 18:03:48.671,SYSTEM
150,Notificacion estudiante cancelacion soli,2016-08-02 18:03:48.671,2016-08-02 18:03:48.671,SYSTEM
152,Start,2016-08-02 21:06:01.359,2016-08-02 21:06:01.359,SYSTEM
152,Traer informacion estudiante - banner,2016-08-02 21:06:01.359,2016-08-02 21:06:01.359,Role 1
152,Radicar Solicitud Homologacion,2016-08-02 21:06:01.359,2016-08-02 21:10:01.607,Role 1
152,Cancelar Solicitud,2016-08-02 21:10:01.607,2016-08-02 21:10:01.607,SYSTEM
152,End,2016-08-02 21:10:01.607,2016-08-02 21:10:01.607,SYSTEM
152,Notificacion estudiante cancelacion soli,2016-08-02 21:10:01.607,2016-08-02 21:10:01.607,SYSTEM
153,Start,2016-08-02 22:39:04.675,2016-08-02 22:39:04.675,SYSTEM
154,Start,2016-08-02 23:39:13.202,2016-08-02 23:39:13.202,SYSTEM
155,Start,2016-08-03 00:08:40.757,2016-08-03 00:08:40.757,SYSTEM
156,Start,2016-08-03 01:29:21.983,2016-08-03 01:29:21.983,SYSTEM
157,Start,2016-08-03 18:48:40.166,2016-08-03 18:48:40.166,SYSTEM
153,Traer informacion estudiante - banner,2016-08-02 22:39:04.675,2016-08-03 20:00:00.0,Role 1
154,Traer informacion estudiante - banner,2016-08-02 23:39:13.202,2016-08-03 20:00:00.0,Role 1
155,Traer informacion estudiante - banner,2016-08-03 00:08:40.757,2016-08-03 20:00:00.0,Role 1
156,Traer informacion estudiante - banner,2016-08-03 01:29:21.983,2016-08-03 20:00:00.0,Role 1
157,Traer informacion estudiante - banner,2016-08-03 18:48:40.166,2016-08-03 20:00:00.0,Role 1
157,Radicar Solicitud Homologacion,2016-08-03 20:00:00.0,2016-08-03 20:00:44.598,Role 1
157,Cancelar Solicitud,2016-08-03 20:00:44.598,2016-08-03 20:00:44.598,SYSTEM
157,End,2016-08-03 20:00:44.598,2016-08-03 20:00:44.598,SYSTEM
157,Notificacion estudiante cancelacion soli,2016-08-03 20:00:44.598,2016-08-03 20:00:44.598,SYSTEM
153,Radicar Solicitud Homologacion,2016-08-03 20:00:00.0,2016-08-03 20:00:47.513,Role 1
153,Cancelar Solicitud,2016-08-03 20:00:47.513,2016-08-03 20:00:47.513,SYSTEM
153,End,2016-08-03 20:00:47.513,2016-08-03 20:00:47.513,SYSTEM
153,Notificacion estudiante cancelacion soli,2016-08-03 20:00:47.513,2016-08-03 20:00:47.513,SYSTEM
156,Radicar Solicitud Homologacion,2016-08-03 20:00:00.0,2016-08-03 20:00:58.783,Role 1
156,Cancelar Solicitud,2016-08-03 20:00:58.783,2016-08-03 20:00:58.783,SYSTEM
156,End,2016-08-03 20:00:58.783,2016-08-03 20:00:58.783,SYSTEM
156,Notificacion estudiante cancelacion soli,2016-08-03 20:00:58.783,2016-08-03 20:00:58.783,SYSTEM
154,Radicar Solicitud Homologacion,2016-08-03 20:00:00.0,2016-08-03 20:01:17.739,Role 1
154,Cancelar Solicitud,2016-08-03 20:01:17.739,2016-08-03 20:01:17.739,SYSTEM
154,End,2016-08-03 20:01:17.739,2016-08-03 20:01:17.739,SYSTEM
154,Notificacion estudiante cancelacion soli,2016-08-03 20:01:17.739,2016-08-03 20:01:17.739,SYSTEM
155,Radicar Solicitud Homologacion,2016-08-03 20:00:00.0,2016-08-03 20:07:05.266,Role 1
155,Cancelar Solicitud,2016-08-03 20:07:05.266,2016-08-03 20:07:05.266,SYSTEM
155,End,2016-08-03 20:07:05.266,2016-08-03 20:07:05.266,SYSTEM
155,Notificacion estudiante cancelacion soli,2016-08-03 20:07:05.266,2016-08-03 20:07:05.266,SYSTEM
158,Start,2016-08-03 20:25:14.535,2016-08-03 20:25:14.535,SYSTEM
158,Traer informacion estudiante - banner,2016-08-03 20:25:14.535,2016-08-03 20:25:14.535,Role 1
158,Radicar Solicitud Homologacion,2016-08-03 20:25:14.535,2016-08-03 20:25:59.479,Role 1
158,Cancelar Solicitud,2016-08-03 20:25:59.479,2016-08-03 20:25:59.479,SYSTEM
158,End,2016-08-03 20:25:59.479,2016-08-03 20:25:59.479,SYSTEM
158,Notificacion estudiante cancelacion soli,2016-08-03 20:25:59.479,2016-08-03 20:25:59.479,SYSTEM
159,Start,2016-08-04 19:43:29.029,2016-08-04 19:43:29.029,SYSTEM
159,Traer informacion estudiante - banner,2016-08-04 19:43:29.029,2016-08-04 19:43:29.029,Role 1
159,Radicar Solicitud Homologacion,2016-08-04 19:43:29.029,2016-08-04 19:46:00.47,Role 1
159,Cancelar Solicitud,2016-08-04 19:46:00.47,2016-08-04 19:46:00.47,SYSTEM
159,End,2016-08-04 19:46:00.47,2016-08-04 19:46:00.47,SYSTEM
159,Notificacion estudiante cancelacion soli,2016-08-04 19:46:00.47,2016-08-04 19:46:00.47,SYSTEM
160,Start,2016-08-04 22:21:37.299,2016-08-04 22:21:37.299,SYSTEM
160,Traer informacion estudiante - banner,2016-08-04 22:21:37.299,2016-08-04 22:21:37.299,Role 1
160,Radicar Solicitud Homologacion,2016-08-04 22:21:37.299,2016-08-04 22:24:14.054,Role 1
160,Cancelar Solicitud,2016-08-04 22:24:14.054,2016-08-04 22:24:14.054,SYSTEM
160,End,2016-08-04 22:24:14.054,2016-08-04 22:24:14.054,SYSTEM
160,Notificacion estudiante cancelacion soli,2016-08-04 22:24:14.054,2016-08-04 22:24:14.054,SYSTEM
161,Start,2016-08-05 00:59:00.463,2016-08-05 00:59:00.463,SYSTEM
161,Traer informacion estudiante - banner,2016-08-05 00:59:00.463,2016-08-05 00:59:00.463,Role 1
162,Start,2016-08-05 02:41:50.321,2016-08-05 02:41:50.321,SYSTEM
162,Traer informacion estudiante - banner,2016-08-05 02:41:50.321,2016-08-05 16:00:00.0,Role 1
162,Radicar Solicitud Homologacion,2016-08-05 16:00:00.0,2016-08-05 16:01:10.686,Role 1
162,Cancelar Solicitud,2016-08-05 16:01:10.686,2016-08-05 16:01:10.686,SYSTEM
162,End,2016-08-05 16:01:10.686,2016-08-05 16:01:10.686,SYSTEM
162,Notificacion estudiante cancelacion soli,2016-08-05 16:01:10.686,2016-08-05 16:01:10.686,SYSTEM
161,Radicar Solicitud Homologacion,2016-08-05 00:59:00.463,2016-08-05 16:03:03.965,Role 1
161,Cancelar Solicitud,2016-08-05 16:03:03.965,2016-08-05 16:03:03.965,SYSTEM
161,End,2016-08-05 16:03:03.965,2016-08-05 16:03:03.965,SYSTEM
161,Notificacion estudiante cancelacion soli,2016-08-05 16:03:03.965,2016-08-05 16:03:03.965,SYSTEM
163,Start,2016-08-05 22:45:40.9,2016-08-05 22:45:40.9,SYSTEM
163,Traer informacion estudiante - banner,2016-08-05 22:45:40.9,2016-08-06 00:00:00.0,Role 1
163,Radicar Solicitud Homologacion,2016-08-06 00:00:00.0,2016-08-06 00:05:52.312,Role 1
163,Cancelar Solicitud,2016-08-06 00:05:52.312,2016-08-06 00:05:52.312,SYSTEM
163,End,2016-08-06 00:05:52.312,2016-08-06 00:05:52.312,SYSTEM
163,Notificacion estudiante cancelacion soli,2016-08-06 00:05:52.312,2016-08-06 00:05:52.312,SYSTEM
164,Start,2016-08-06 22:54:54.379,2016-08-06 22:54:54.379,SYSTEM
165,Start,2016-08-07 01:05:20.697,2016-08-07 01:05:20.697,SYSTEM
166,Start,2016-08-07 01:57:13.951,2016-08-07 01:57:13.951,SYSTEM
167,Start,2016-08-09 04:29:29.258,2016-08-09 04:29:29.258,SYSTEM
168,Start,2016-08-09 14:21:29.938,2016-08-09 14:21:29.938,SYSTEM
164,Traer informacion estudiante - banner,2016-08-06 22:54:54.379,2016-08-09 18:00:00.0,Role 1
165,Traer informacion estudiante - banner,2016-08-07 01:05:20.697,2016-08-09 18:00:00.0,Role 1
166,Traer informacion estudiante - banner,2016-08-07 01:57:13.951,2016-08-09 18:00:00.0,Role 1
167,Traer informacion estudiante - banner,2016-08-09 04:29:29.258,2016-08-09 18:00:00.0,Role 1
168,Traer informacion estudiante - banner,2016-08-09 14:21:29.938,2016-08-09 18:00:00.0,Role 1
167,Radicar Solicitud Homologacion,2016-08-09 18:00:00.0,2016-08-09 18:01:11.067,Role 1
167,Cancelar Solicitud,2016-08-09 18:01:11.067,2016-08-09 18:01:11.067,SYSTEM
167,End,2016-08-09 18:01:11.067,2016-08-09 18:01:11.067,SYSTEM
167,Notificacion estudiante cancelacion soli,2016-08-09 18:01:11.067,2016-08-09 18:01:11.067,SYSTEM
166,Radicar Solicitud Homologacion,2016-08-09 18:00:00.0,2016-08-09 18:01:33.496,Role 1
166,Cancelar Solicitud,2016-08-09 18:01:33.496,2016-08-09 18:01:33.496,SYSTEM
166,End,2016-08-09 18:01:33.496,2016-08-09 18:01:33.496,SYSTEM
166,Notificacion estudiante cancelacion soli,2016-08-09 18:01:33.496,2016-08-09 18:01:33.496,SYSTEM
164,Radicar Solicitud Homologacion,2016-08-09 18:00:00.0,2016-08-09 18:02:50.432,Role 1
164,Cancelar Solicitud,2016-08-09 18:02:50.432,2016-08-09 18:02:50.432,SYSTEM
164,End,2016-08-09 18:02:50.432,2016-08-09 18:02:50.432,SYSTEM
164,Notificacion estudiante cancelacion soli,2016-08-09 18:02:50.432,2016-08-09 18:02:50.432,SYSTEM
168,Radicar Solicitud Homologacion,2016-08-09 18:00:00.0,2016-08-09 18:04:52.869,Role 1
168,Cancelar Solicitud,2016-08-09 18:04:52.869,2016-08-09 18:04:52.869,SYSTEM
168,End,2016-08-09 18:04:52.869,2016-08-09 18:04:52.869,SYSTEM
168,Notificacion estudiante cancelacion soli,2016-08-09 18:04:52.869,2016-08-09 18:04:52.869,SYSTEM
165,Radicar Solicitud Homologacion,2016-08-09 18:00:00.0,2016-08-09 18:04:53.476,Role 1
165,Cancelar Solicitud,2016-08-09 18:04:53.476,2016-08-09 18:04:53.476,SYSTEM
165,End,2016-08-09 18:04:53.476,2016-08-09 18:04:53.476,SYSTEM
165,Notificacion estudiante cancelacion soli,2016-08-09 18:04:53.476,2016-08-09 18:04:53.476,SYSTEM
169,Start,2016-08-10 12:20:15.768,2016-08-10 12:20:15.768,SYSTEM
170,Start,2016-08-10 16:19:49.327,2016-08-10 16:19:49.327,SYSTEM
171,Start,2016-08-10 16:37:47.404,2016-08-10 16:37:47.404,SYSTEM
172,Start,2016-08-10 17:03:17.522,2016-08-10 17:03:17.522,SYSTEM
173,Start,2016-08-10 18:38:13.209,2016-08-10 18:38:13.209,SYSTEM
169,Traer informacion estudiante - banner,2016-08-10 12:20:15.768,2016-08-10 20:00:00.0,Role 1
170,Traer informacion estudiante - banner,2016-08-10 16:19:49.327,2016-08-10 20:00:00.0,Role 1
171,Traer informacion estudiante - banner,2016-08-10 16:37:47.404,2016-08-10 20:00:00.0,Role 1
172,Traer informacion estudiante - banner,2016-08-10 17:03:17.522,2016-08-10 20:00:00.0,Role 1
173,Traer informacion estudiante - banner,2016-08-10 18:38:13.209,2016-08-10 20:00:00.0,Role 1
170,Radicar Solicitud Homologacion,2016-08-10 20:00:00.0,2016-08-10 20:00:25.171,Role 1
170,Cancelar Solicitud,2016-08-10 20:00:25.171,2016-08-10 20:00:25.171,SYSTEM
170,End,2016-08-10 20:00:25.171,2016-08-10 20:00:25.171,SYSTEM
170,Notificacion estudiante cancelacion soli,2016-08-10 20:00:25.171,2016-08-10 20:00:25.171,SYSTEM
169,Radicar Solicitud Homologacion,2016-08-10 20:00:00.0,2016-08-10 20:00:25.637,Role 1
169,Cancelar Solicitud,2016-08-10 20:00:25.637,2016-08-10 20:00:25.637,SYSTEM
169,End,2016-08-10 20:00:25.637,2016-08-10 20:00:25.637,SYSTEM
169,Notificacion estudiante cancelacion soli,2016-08-10 20:00:25.637,2016-08-10 20:00:25.637,SYSTEM
173,Radicar Solicitud Homologacion,2016-08-10 20:00:00.0,2016-08-10 20:00:44.532,Role 1
173,Cancelar Solicitud,2016-08-10 20:00:44.532,2016-08-10 20:00:44.532,SYSTEM
173,End,2016-08-10 20:00:44.532,2016-08-10 20:00:44.532,SYSTEM
173,Notificacion estudiante cancelacion soli,2016-08-10 20:00:44.532,2016-08-10 20:00:44.532,SYSTEM
172,Radicar Solicitud Homologacion,2016-08-10 20:00:00.0,2016-08-10 20:01:34.675,Role 1
172,Cancelar Solicitud,2016-08-10 20:01:34.675,2016-08-10 20:01:34.675,SYSTEM
172,End,2016-08-10 20:01:34.675,2016-08-10 20:01:34.675,SYSTEM
172,Notificacion estudiante cancelacion soli,2016-08-10 20:01:34.675,2016-08-10 20:01:34.675,SYSTEM
171,Radicar Solicitud Homologacion,2016-08-10 20:00:00.0,2016-08-10 20:01:46.225,Role 1
171,Cancelar Solicitud,2016-08-10 20:01:46.225,2016-08-10 20:01:46.225,SYSTEM
171,End,2016-08-10 20:01:46.225,2016-08-10 20:01:46.225,SYSTEM
171,Notificacion estudiante cancelacion soli,2016-08-10 20:01:46.225,2016-08-10 20:01:46.225,SYSTEM
174,Start,2016-08-11 13:22:03.119,2016-08-11 13:22:03.119,SYSTEM
174,Traer informacion estudiante - banner,2016-08-11 13:22:03.119,2016-08-11 13:22:03.119,Role 1
174,Radicar Solicitud Homologacion,2016-08-11 13:22:03.119,2016-08-11 16:12:27.303,Role 1
174,Cancelar Solicitud,2016-08-11 16:12:27.303,2016-08-11 16:12:27.303,SYSTEM
174,End,2016-08-11 16:12:27.303,2016-08-11 16:12:27.303,SYSTEM
174,Notificacion estudiante cancelacion soli,2016-08-11 16:12:27.303,2016-08-11 16:12:27.303,SYSTEM
175,Start,2016-08-11 18:17:41.765,2016-08-11 18:17:41.765,SYSTEM
175,Traer informacion estudiante - banner,2016-08-11 18:17:41.765,2016-08-11 18:17:41.765,Role 1
175,Radicar Solicitud Homologacion,2016-08-11 18:17:41.765,2016-08-11 18:23:15.31,Role 1
175,Cancelar Solicitud,2016-08-11 18:23:15.31,2016-08-11 18:23:15.31,SYSTEM
175,End,2016-08-11 18:23:15.31,2016-08-11 18:23:15.31,SYSTEM
175,Notificacion estudiante cancelacion soli,2016-08-11 18:23:15.31,2016-08-11 18:23:15.31,SYSTEM
176,Start,2016-08-12 01:43:57.758,2016-08-12 01:43:57.758,SYSTEM
176,Traer informacion estudiante - banner,2016-08-12 01:43:57.758,2016-08-12 01:43:57.758,Role 1
177,Start,2016-08-12 14:50:14.741,2016-08-12 14:50:14.741,SYSTEM
177,Traer informacion estudiante - banner,2016-08-12 14:50:14.741,2016-08-12 16:00:00.0,Role 1
176,Radicar Solicitud Homologacion,2016-08-12 01:43:57.758,2016-08-12 16:00:00.038,Role 1
176,Cancelar Solicitud,2016-08-12 16:00:00.038,2016-08-12 16:00:00.038,SYSTEM
176,End,2016-08-12 16:00:00.038,2016-08-12 16:00:00.038,SYSTEM
176,Notificacion estudiante cancelacion soli,2016-08-12 16:00:00.038,2016-08-12 16:00:00.038,SYSTEM
177,Radicar Solicitud Homologacion,2016-08-12 16:00:00.0,2016-08-12 16:02:23.402,Role 1
177,Cancelar Solicitud,2016-08-12 16:02:23.402,2016-08-12 16:02:23.402,SYSTEM
177,End,2016-08-12 16:02:23.402,2016-08-12 16:02:23.402,SYSTEM
177,Notificacion estudiante cancelacion soli,2016-08-12 16:02:23.402,2016-08-12 16:02:23.402,SYSTEM
178,Start,2016-08-12 16:23:02.659,2016-08-12 16:23:02.659,SYSTEM
178,Traer informacion estudiante - banner,2016-08-12 16:23:02.659,2016-08-12 16:23:02.659,Role 1
178,Radicar Solicitud Homologacion,2016-08-12 16:23:02.659,2016-08-12 16:23:43.663,Role 1
178,Cancelar Solicitud,2016-08-12 16:23:43.663,2016-08-12 16:23:43.663,SYSTEM
178,End,2016-08-12 16:23:43.663,2016-08-12 16:23:43.663,SYSTEM
178,Notificacion estudiante cancelacion soli,2016-08-12 16:23:43.663,2016-08-12 16:23:43.663,SYSTEM
179,Start,2016-08-13 15:37:58.592,2016-08-13 15:37:58.592,SYSTEM
179,Traer informacion estudiante - banner,2016-08-13 15:37:58.592,2016-08-13 15:37:58.592,Role 1
180,Start,2016-08-13 15:41:35.435,2016-08-13 15:41:35.435,SYSTEM
180,Traer informacion estudiante - banner,2016-08-13 15:41:35.435,2016-08-16 18:00:00.0,Role 1
180,Radicar Solicitud Homologacion,2016-08-16 18:00:00.0,2016-08-16 18:06:01.972,Role 1
180,Cancelar Solicitud,2016-08-16 18:06:01.972,2016-08-16 18:06:01.972,SYSTEM
180,End,2016-08-16 18:06:01.972,2016-08-16 18:06:01.972,SYSTEM
180,Notificacion estudiante cancelacion soli,2016-08-16 18:06:01.972,2016-08-16 18:06:01.972,SYSTEM
179,Radicar Solicitud Homologacion,2016-08-13 15:37:58.592,2016-08-16 18:07:04.5,Role 1
179,Cancelar Solicitud,2016-08-16 18:07:04.5,2016-08-16 18:07:04.5,SYSTEM
179,End,2016-08-16 18:07:04.5,2016-08-16 18:07:04.5,SYSTEM
179,Notificacion estudiante cancelacion soli,2016-08-16 18:07:04.5,2016-08-16 18:07:04.5,SYSTEM
